Workbook

Sheet TABELA GERAL
A1: COLAR | B1: CHEFE | C1: ETERNID | D1: MARTE | E1: FINALID | F1: ORIGEM | G1: PILAR | H1: TROVÃO | I1: HO-OH | K1: CAMISA | L1: CHEFE | M1: ETERNID | N1: MARTE | O1: FINALID | P1: ORIGEM | Q1: PILAR | R1: TROVÃO | S1: HO-OH | U1: BOTA | V1: CHEFE | W1: ETERNID | X1: MARTE | Y1: FINALID | Z1: ORIGEM | AA1: PILAR | AB1: TROVÃO | AC1: HO-OH
A2: Titânio I | B2: =COUNTIFS(COLAR!$B:$B,'TABELA GERAL'!B1) -> 0 | C2: =COUNTIFS(COLAR!$B:$B,'TABELA GERAL'!C1) -> 0 | D2: =COUNTIFS(COLAR!$B:$B,'TABELA GERAL'!D1) -> 0 | E2: =COUNTIFS(COLAR!$B:$B,'TABELA GERAL'!E1) -> 0 | F2: =COUNTIFS(COLAR!$B:$B,'TABELA GERAL'!F1) -> 1 | G2: =COUNTIFS(COLAR!$B:$B,'TABELA GERAL'!G1) -> 0 | H2: =COUNTIFS(COLAR!$B:$B,'TABELA GERAL'!H1) -> 0 | I2: =COUNTIFS(COLAR!$B:$B,'TABELA GERAL'!I1) -> 0 | K2: Titânio I | L2: =COUNTIFS(CAMISA!$B:$B,'TABELA GERAL'!L1) -> 0 | M2: =COUNTIFS(CAMISA!$B:$B,'TABELA GERAL'!M1) -> 0 | N2: =COUNTIFS(CAMISA!$B:$B,'TABELA GERAL'!N1) -> 1 | O2: =COUNTIFS(CAMISA!$B:$B,'TABELA GERAL'!O1) -> 0 | P2: =COUNTIFS(CAMISA!$B:$B,'TABELA GERAL'!P1) -> 0 | Q2: =COUNTIFS(CAMISA!$B:$B,'TABELA GERAL'!Q1) -> 0 | R2: =COUNTIFS(CAMISA!$B:$B,'TABELA GERAL'!R1) -> 0 | S2: =COUNTIFS(CAMISA!$B:$B,'TABELA GERAL'!S1) -> 0 | U2: Titânio I | V2: =COUNTIFS(BOTA!$B:$B,'TABELA GERAL'!V1) -> 1 | W2: =COUNTIFS(BOTA!$B:$B,'TABELA GERAL'!W1) -> 0 | X2: =COUNTIFS(BOTA!$B:$B,'TABELA GERAL'!X1) -> 0 | Y2: =COUNTIFS(BOTA!$B:$B,'TABELA GERAL'!Y1) -> 0 | Z2: =COUNTIFS(BOTA!$B:$B,'TABELA GERAL'!Z1) -> 2 | AA2: =COUNTIFS(BOTA!$B:$B,'TABELA GERAL'!AA1) -> 0 | AB2: =COUNTIFS(BOTA!$B:$B,'TABELA GERAL'!AB1) -> 0 | AC2: =COUNTIFS(BOTA!$B:$B,'TABELA GERAL'!AC1) -> 0
A3: Titânio II | B3: =COUNTIFS(COLAR!$D:$D,'TABELA GERAL'!B1) -> 0 | C3: =COUNTIFS(COLAR!$D:$D,'TABELA GERAL'!C1) -> 0 | D3: =COUNTIFS(COLAR!$D:$D,'TABELA GERAL'!D1) -> 1 | E3: =COUNTIFS(COLAR!$D:$D,'TABELA GERAL'!E1) -> 0 | F3: =COUNTIFS(COLAR!$D:$D,'TABELA GERAL'!F1) -> 2 | G3: =COUNTIFS(COLAR!$D:$D,'TABELA GERAL'!G1) -> 0 | H3: =COUNTIFS(COLAR!$D:$D,'TABELA GERAL'!H1) -> 0 | I3: =COUNTIFS(COLAR!$D:$D,'TABELA GERAL'!I1) -> 0 | K3: Titânio II | L3: =COUNTIFS(CAMISA!$D:$D,'TABELA GERAL'!L1) -> 0 | M3: =COUNTIFS(CAMISA!$D:$D,'TABELA GERAL'!M1) -> 1 | N3: =COUNTIFS(CAMISA!$D:$D,'TABELA GERAL'!N1) -> 0 | O3: =COUNTIFS(CAMISA!$D:$D,'TABELA GERAL'!O1) -> 1 | P3: =COUNTIFS(CAMISA!$D:$D,'TABELA GERAL'!P1) -> 1 | Q3: =COUNTIFS(CAMISA!$D:$D,'TABELA GERAL'!Q1) -> 3 | R3: =COUNTIFS(CAMISA!$D:$D,'TABELA GERAL'!R1) -> 0 | S3: =COUNTIFS(CAMISA!$D:$D,'TABELA GERAL'!S1) -> 1 | U3: Titânio II | V3: =COUNTIFS(BOTA!$D:$D,'TABELA GERAL'!V1) -> 0 | W3: =COUNTIFS(BOTA!$D:$D,'TABELA GERAL'!W1) -> 0 | X3: =COUNTIFS(BOTA!$D:$D,'TABELA GERAL'!X1) -> 1 | Y3: =COUNTIFS(BOTA!$D:$D,'TABELA GERAL'!Y1) -> 0 | Z3: =COUNTIFS(BOTA!$D:$D,'TABELA GERAL'!Z1) -> 1 | AA3: =COUNTIFS(BOTA!$D:$D,'TABELA GERAL'!AA1) -> 0 | AB3: =COUNTIFS(BOTA!$D:$D,'TABELA GERAL'!AB1) -> 0 | AC3: =COUNTIFS(BOTA!$D:$D,'TABELA GERAL'!AC1) -> 0
A4: Titânio III | B4: =COUNTIFS(COLAR!$F:$F,'TABELA GERAL'!B1) -> 0 | C4: =COUNTIFS(COLAR!$F:$F,'TABELA GERAL'!C1) -> 0 | D4: =COUNTIFS(COLAR!$F:$F,'TABELA GERAL'!D1) -> 1 | E4: =COUNTIFS(COLAR!$F:$F,'TABELA GERAL'!E1) -> 1 | F4: =COUNTIFS(COLAR!$F:$F,'TABELA GERAL'!F1) -> 1 | G4: =COUNTIFS(COLAR!$F:$F,'TABELA GERAL'!G1) -> 0 | H4: =COUNTIFS(COLAR!$F:$F,'TABELA GERAL'!H1) -> 0 | I4: =COUNTIFS(COLAR!$F:$F,'TABELA GERAL'!I1) -> 0 | K4: Titânio III | L4: =COUNTIFS(CAMISA!$F:$F,'TABELA GERAL'!L1) -> 0 | M4: =COUNTIFS(CAMISA!$F:$F,'TABELA GERAL'!M1) -> 0 | N4: =COUNTIFS(CAMISA!$F:$F,'TABELA GERAL'!N1) -> 0 | O4: =COUNTIFS(CAMISA!$F:$F,'TABELA GERAL'!O1) -> 0 | P4: =COUNTIFS(CAMISA!$F:$F,'TABELA GERAL'!P1) -> 1 | Q4: =COUNTIFS(CAMISA!$F:$F,'TABELA GERAL'!Q1) -> 0 | R4: =COUNTIFS(CAMISA!$F:$F,'TABELA GERAL'!R1) -> 0 | S4: =COUNTIFS(CAMISA!$F:$F,'TABELA GERAL'!S1) -> 0 | U4: Titânio III | V4: =COUNTIFS(BOTA!$F:$F,'TABELA GERAL'!V1) -> 0 | W4: =COUNTIFS(BOTA!$F:$F,'TABELA GERAL'!W1) -> 0 | X4: =COUNTIFS(BOTA!$F:$F,'TABELA GERAL'!X1) -> 1 | Y4: =COUNTIFS(BOTA!$F:$F,'TABELA GERAL'!Y1) -> 0 | Z4: =COUNTIFS(BOTA!$F:$F,'TABELA GERAL'!Z1) -> 0 | AA4: =COUNTIFS(BOTA!$F:$F,'TABELA GERAL'!AA1) -> 0 | AB4: =COUNTIFS(BOTA!$F:$F,'TABELA GERAL'!AB1) -> 0 | AC4: =COUNTIFS(BOTA!$F:$F,'TABELA GERAL'!AC1) -> 0
A5: Titânio IV | B5: =COUNTIFS(COLAR!$H:$H,'TABELA GERAL'!B1) -> 1 | C5: =COUNTIFS(COLAR!$H:$H,'TABELA GERAL'!C1) -> 3 | D5: =COUNTIFS(COLAR!$H:$H,'TABELA GERAL'!D1) -> 0 | E5: =COUNTIFS(COLAR!$H:$H,'TABELA GERAL'!E1) -> 0 | F5: =COUNTIFS(COLAR!$H:$H,'TABELA GERAL'!F1) -> 0 | G5: =COUNTIFS(COLAR!$H:$H,'TABELA GERAL'!G1) -> 0 | H5: =COUNTIFS(COLAR!$H:$H,'TABELA GERAL'!H1) -> 1 | I5: =COUNTIFS(COLAR!$H:$H,'TABELA GERAL'!I1) -> 0 | K5: Titânio IV | L5: =COUNTIFS(CAMISA!$H:$H,'TABELA GERAL'!L1) -> 0 | M5: =COUNTIFS(CAMISA!$H:$H,'TABELA GERAL'!M1) -> 0 | N5: =COUNTIFS(CAMISA!$H:$H,'TABELA GERAL'!N1) -> 0 | O5: =COUNTIFS(CAMISA!$H:$H,'TABELA GERAL'!O1) -> 2 | P5: =COUNTIFS(CAMISA!$H:$H,'TABELA GERAL'!P1) -> 2 | Q5: =COUNTIFS(CAMISA!$H:$H,'TABELA GERAL'!Q1) -> 0 | R5: =COUNTIFS(CAMISA!$H:$H,'TABELA GERAL'!R1) -> 0 | S5: =COUNTIFS(CAMISA!$H:$H,'TABELA GERAL'!S1) -> 1 | U5: Titânio IV | V5: =COUNTIFS(BOTA!$H:$H,'TABELA GERAL'!V1) -> 0 | W5: =COUNTIFS(BOTA!$H:$H,'TABELA GERAL'!W1) -> 1 | X5: =COUNTIFS(BOTA!$H:$H,'TABELA GERAL'!X1) -> 0 | Y5: =COUNTIFS(BOTA!$H:$H,'TABELA GERAL'!Y1) -> 0 | Z5: =COUNTIFS(BOTA!$H:$H,'TABELA GERAL'!Z1) -> 1 | AA5: =COUNTIFS(BOTA!$H:$H,'TABELA GERAL'!AA1) -> 1 | AB5: =COUNTIFS(BOTA!$H:$H,'TABELA GERAL'!AB1) -> 1 | AC5: =COUNTIFS(BOTA!$H:$H,'TABELA GERAL'!AC1) -> 0
A6: Titânio V | B6: =COUNTIFS(COLAR!$J:$J,'TABELA GERAL'!B1) -> 0 | C6: =COUNTIFS(COLAR!$J:$J,'TABELA GERAL'!C1) -> 0 | D6: =COUNTIFS(COLAR!$J:$J,'TABELA GERAL'!D1) -> 0 | E6: =COUNTIFS(COLAR!$J:$J,'TABELA GERAL'!E1) -> 2 | F6: =COUNTIFS(COLAR!$J:$J,'TABELA GERAL'!F1) -> 1 | G6: =COUNTIFS(COLAR!$J:$J,'TABELA GERAL'!G1) -> 0 | H6: =COUNTIFS(COLAR!$J:$J,'TABELA GERAL'!H1) -> 0 | I6: =COUNTIFS(COLAR!$J:$J,'TABELA GERAL'!I1) -> 0 | K6: Titânio V | L6: =COUNTIFS(CAMISA!$J:$J,'TABELA GERAL'!L1) -> 0 | M6: =COUNTIFS(CAMISA!$J:$J,'TABELA GERAL'!M1) -> 0 | N6: =COUNTIFS(CAMISA!$J:$J,'TABELA GERAL'!N1) -> 1 | O6: =COUNTIFS(CAMISA!$J:$J,'TABELA GERAL'!O1) -> 2 | P6: =COUNTIFS(CAMISA!$J:$J,'TABELA GERAL'!P1) -> 0 | Q6: =COUNTIFS(CAMISA!$J:$J,'TABELA GERAL'!Q1) -> 4 | R6: =COUNTIFS(CAMISA!$J:$J,'TABELA GERAL'!R1) -> 0 | S6: =COUNTIFS(CAMISA!$J:$J,'TABELA GERAL'!S1) -> 0 | U6: Titânio V | V6: =COUNTIFS(BOTA!$J:$J,'TABELA GERAL'!V1) -> 0 | W6: =COUNTIFS(BOTA!$J:$J,'TABELA GERAL'!W1) -> 0 | X6: =COUNTIFS(BOTA!$J:$J,'TABELA GERAL'!X1) -> 2 | Y6: =COUNTIFS(BOTA!$J:$J,'TABELA GERAL'!Y1) -> 0 | Z6: =COUNTIFS(BOTA!$J:$J,'TABELA GERAL'!Z1) -> 2 | AA6: =COUNTIFS(BOTA!$J:$J,'TABELA GERAL'!AA1) -> 0 | AB6: =COUNTIFS(BOTA!$J:$J,'TABELA GERAL'!AB1) -> 0 | AC6: =COUNTIFS(BOTA!$J:$J,'TABELA GERAL'!AC1) -> 1
A7: Estrelar I | B7: =COUNTIFS(COLAR!$L:$L,'TABELA GERAL'!B1) -> 1 | C7: =COUNTIFS(COLAR!$L:$L,'TABELA GERAL'!C1) -> 0 | D7: =COUNTIFS(COLAR!$L:$L,'TABELA GERAL'!D1) -> 0 | E7: =COUNTIFS(COLAR!$L:$L,'TABELA GERAL'!E1) -> 2 | F7: =COUNTIFS(COLAR!$L:$L,'TABELA GERAL'!F1) -> 0 | G7: =COUNTIFS(COLAR!$L:$L,'TABELA GERAL'!G1) -> 0 | H7: =COUNTIFS(COLAR!$L:$L,'TABELA GERAL'!H1) -> 0 | I7: =COUNTIFS(COLAR!$L:$L,'TABELA GERAL'!I1) -> 0 | K7: Estrelar I | L7: =COUNTIFS(CAMISA!$L:$L,'TABELA GERAL'!L1) -> 0 | M7: =COUNTIFS(CAMISA!$L:$L,'TABELA GERAL'!M1) -> 0 | N7: =COUNTIFS(CAMISA!$L:$L,'TABELA GERAL'!N1) -> 1 | O7: =COUNTIFS(CAMISA!$L:$L,'TABELA GERAL'!O1) -> 0 | P7: =COUNTIFS(CAMISA!$L:$L,'TABELA GERAL'!P1) -> 3 | Q7: =COUNTIFS(CAMISA!$L:$L,'TABELA GERAL'!Q1) -> 0 | R7: =COUNTIFS(CAMISA!$L:$L,'TABELA GERAL'!R1) -> 0 | S7: =COUNTIFS(CAMISA!$L:$L,'TABELA GERAL'!S1) -> 0 | U7: Estrelar I | V7: =COUNTIFS(BOTA!$L:$L,'TABELA GERAL'!V1) -> 0 | W7: =COUNTIFS(BOTA!$L:$L,'TABELA GERAL'!W1) -> 1 | X7: =COUNTIFS(BOTA!$L:$L,'TABELA GERAL'!X1) -> 0 | Y7: =COUNTIFS(BOTA!$L:$L,'TABELA GERAL'!Y1) -> 0 | Z7: =COUNTIFS(BOTA!$L:$L,'TABELA GERAL'!Z1) -> 0 | AA7: =COUNTIFS(BOTA!$L:$L,'TABELA GERAL'!AA1) -> 0 | AB7: =COUNTIFS(BOTA!$L:$L,'TABELA GERAL'!AB1) -> 0 | AC7: =COUNTIFS(BOTA!$L:$L,'TABELA GERAL'!AC1) -> 0
A8: Estrelar II | B8: =COUNTIFS(COLAR!$N:$N,'TABELA GERAL'!B1) -> 0 | C8: =COUNTIFS(COLAR!$N:$N,'TABELA GERAL'!C1) -> 0 | D8: =COUNTIFS(COLAR!$N:$N,'TABELA GERAL'!D1) -> 0 | E8: =COUNTIFS(COLAR!$N:$N,'TABELA GERAL'!E1) -> 1 | F8: =COUNTIFS(COLAR!$N:$N,'TABELA GERAL'!F1) -> 0 | G8: =COUNTIFS(COLAR!$N:$N,'TABELA GERAL'!G1) -> 1 | H8: =COUNTIFS(COLAR!$N:$N,'TABELA GERAL'!H1) -> 0 | I8: =COUNTIFS(COLAR!$N:$N,'TABELA GERAL'!I1) -> 0 | K8: Estrelar II | L8: =COUNTIFS(CAMISA!$N:$N,'TABELA GERAL'!L1) -> 0 | M8: =COUNTIFS(CAMISA!$N:$N,'TABELA GERAL'!M1) -> 0 | N8: =COUNTIFS(CAMISA!$N:$N,'TABELA GERAL'!N1) -> 0 | O8: =COUNTIFS(CAMISA!$N:$N,'TABELA GERAL'!O1) -> 0 | P8: =COUNTIFS(CAMISA!$N:$N,'TABELA GERAL'!P1) -> 1 | Q8: =COUNTIFS(CAMISA!$N:$N,'TABELA GERAL'!Q1) -> 0 | R8: =COUNTIFS(CAMISA!$N:$N,'TABELA GERAL'!R1) -> 0 | S8: =COUNTIFS(CAMISA!$N:$N,'TABELA GERAL'!S1) -> 0 | U8: Estrelar II | V8: =COUNTIFS(BOTA!$N:$N,'TABELA GERAL'!V1) -> 0 | W8: =COUNTIFS(BOTA!$N:$N,'TABELA GERAL'!W1) -> 0 | X8: =COUNTIFS(BOTA!$N:$N,'TABELA GERAL'!X1) -> 0 | Y8: =COUNTIFS(BOTA!$N:$N,'TABELA GERAL'!Y1) -> 0 | Z8: =COUNTIFS(BOTA!$N:$N,'TABELA GERAL'!Z1) -> 0 | AA8: =COUNTIFS(BOTA!$N:$N,'TABELA GERAL'!AA1) -> 1 | AB8: =COUNTIFS(BOTA!$N:$N,'TABELA GERAL'!AB1) -> 0 | AC8: =COUNTIFS(BOTA!$N:$N,'TABELA GERAL'!AC1) -> 0
A9: Estrelar III | B9: =COUNTIFS(COLAR!$P:$P,'TABELA GERAL'!B1) -> 0 | C9: =COUNTIFS(COLAR!$P:$P,'TABELA GERAL'!C1) -> 0 | D9: =COUNTIFS(COLAR!$P:$P,'TABELA GERAL'!D1) -> 1 | E9: =COUNTIFS(COLAR!$P:$P,'TABELA GERAL'!E1) -> 0 | F9: =COUNTIFS(COLAR!$P:$P,'TABELA GERAL'!F1) -> 0 | G9: =COUNTIFS(COLAR!$P:$P,'TABELA GERAL'!G1) -> 0 | H9: =COUNTIFS(COLAR!$P:$P,'TABELA GERAL'!H1) -> 0 | I9: =COUNTIFS(COLAR!$P:$P,'TABELA GERAL'!I1) -> 0 | K9: Estrelar III | L9: =COUNTIFS(CAMISA!$P:$P,'TABELA GERAL'!L1) -> 0 | M9: =COUNTIFS(CAMISA!$P:$P,'TABELA GERAL'!M1) -> 0 | N9: =COUNTIFS(CAMISA!$P:$P,'TABELA GERAL'!N1) -> 0 | O9: =COUNTIFS(CAMISA!$P:$P,'TABELA GERAL'!O1) -> 0 | P9: =COUNTIFS(CAMISA!$P:$P,'TABELA GERAL'!P1) -> 0 | Q9: =COUNTIFS(CAMISA!$P:$P,'TABELA GERAL'!Q1) -> 2 | R9: =COUNTIFS(CAMISA!$P:$P,'TABELA GERAL'!R1) -> 0 | S9: =COUNTIFS(CAMISA!$P:$P,'TABELA GERAL'!S1) -> 0 | U9: Estrelar III | V9: =COUNTIFS(BOTA!$P:$P,'TABELA GERAL'!V1) -> 0 | W9: =COUNTIFS(BOTA!$P:$P,'TABELA GERAL'!W1) -> 0 | X9: =COUNTIFS(BOTA!$P:$P,'TABELA GERAL'!X1) -> 0 | Y9: =COUNTIFS(BOTA!$P:$P,'TABELA GERAL'!Y1) -> 0 | Z9: =COUNTIFS(BOTA!$P:$P,'TABELA GERAL'!Z1) -> 0 | AA9: =COUNTIFS(BOTA!$P:$P,'TABELA GERAL'!AA1) -> 0 | AB9: =COUNTIFS(BOTA!$P:$P,'TABELA GERAL'!AB1) -> 0 | AC9: =COUNTIFS(BOTA!$P:$P,'TABELA GERAL'!AC1) -> 0
A10: Estrelar IV | B10: =COUNTIFS(COLAR!$R:$R,'TABELA GERAL'!B1) -> 1 | C10: =COUNTIFS(COLAR!$R:$R,'TABELA GERAL'!C1) -> 0 | D10: =COUNTIFS(COLAR!$R:$R,'TABELA GERAL'!D1) -> 1 | E10: =COUNTIFS(COLAR!$R:$R,'TABELA GERAL'!E1) -> 0 | F10: =COUNTIFS(COLAR!$R:$R,'TABELA GERAL'!F1) -> 0 | G10: =COUNTIFS(COLAR!$R:$R,'TABELA GERAL'!G1) -> 1 | H10: =COUNTIFS(COLAR!$R:$R,'TABELA GERAL'!H1) -> 0 | I10: =COUNTIFS(COLAR!$R:$R,'TABELA GERAL'!I1) -> 0 | K10: Estrelar IV | L10: =COUNTIFS(CAMISA!$R:$R,'TABELA GERAL'!L1) -> 1 | M10: =COUNTIFS(CAMISA!$R:$R,'TABELA GERAL'!M1) -> 1 | N10: =COUNTIFS(CAMISA!$R:$R,'TABELA GERAL'!N1) -> 0 | O10: =COUNTIFS(CAMISA!$R:$R,'TABELA GERAL'!O1) -> 0 | P10: =COUNTIFS(CAMISA!$R:$R,'TABELA GERAL'!P1) -> 0 | Q10: =COUNTIFS(CAMISA!$R:$R,'TABELA GERAL'!Q1) -> 1 | R10: =COUNTIFS(CAMISA!$R:$R,'TABELA GERAL'!R1) -> 0 | S10: =COUNTIFS(CAMISA!$R:$R,'TABELA GERAL'!S1) -> 1 | U10: Estrelar IV | V10: =COUNTIFS(BOTA!$R:$R,'TABELA GERAL'!V1) -> 0 | W10: =COUNTIFS(BOTA!$R:$R,'TABELA GERAL'!W1) -> 0 | X10: =COUNTIFS(BOTA!$R:$R,'TABELA GERAL'!X1) -> 0 | Y10: =COUNTIFS(BOTA!$R:$R,'TABELA GERAL'!Y1) -> 1 | Z10: =COUNTIFS(BOTA!$R:$R,'TABELA GERAL'!Z1) -> 1 | AA10: =COUNTIFS(BOTA!$R:$R,'TABELA GERAL'!AA1) -> 1 | AB10: =COUNTIFS(BOTA!$R:$R,'TABELA GERAL'!AB1) -> 0 | AC10: =COUNTIFS(BOTA!$R:$R,'TABELA GERAL'!AC1) -> 0
A11: Estrelar V | B11: =COUNTIFS(COLAR!$T:$T,'TABELA GERAL'!B1) -> 0 | C11: =COUNTIFS(COLAR!$T:$T,'TABELA GERAL'!C1) -> 1 | D11: =COUNTIFS(COLAR!$T:$T,'TABELA GERAL'!D1) -> 0 | E11: =COUNTIFS(COLAR!$T:$T,'TABELA GERAL'!E1) -> 1 | F11: =COUNTIFS(COLAR!$T:$T,'TABELA GERAL'!F1) -> 0 | G11: =COUNTIFS(COLAR!$T:$T,'TABELA GERAL'!G1) -> 0 | H11: =COUNTIFS(COLAR!$T:$T,'TABELA GERAL'!H1) -> 0 | I11: =COUNTIFS(COLAR!$T:$T,'TABELA GERAL'!I1) -> 0 | K11: Estrelar V | L11: =COUNTIFS(CAMISA!$T:$T,'TABELA GERAL'!L1) -> 0 | M11: =COUNTIFS(CAMISA!$T:$T,'TABELA GERAL'!M1) -> 1 | N11: =COUNTIFS(CAMISA!$T:$T,'TABELA GERAL'!N1) -> 0 | O11: =COUNTIFS(CAMISA!$T:$T,'TABELA GERAL'!O1) -> 0 | P11: =COUNTIFS(CAMISA!$T:$T,'TABELA GERAL'!P1) -> 0 | Q11: =COUNTIFS(CAMISA!$T:$T,'TABELA GERAL'!Q1) -> 1 | R11: =COUNTIFS(CAMISA!$T:$T,'TABELA GERAL'!R1) -> 0 | S11: =COUNTIFS(CAMISA!$T:$T,'TABELA GERAL'!S1) -> 0 | U11: Estrelar V | V11: =COUNTIFS(BOTA!$T:$T,'TABELA GERAL'!V1) -> 0 | W11: =COUNTIFS(BOTA!$T:$T,'TABELA GERAL'!W1) -> 0 | X11: =COUNTIFS(BOTA!$T:$T,'TABELA GERAL'!X1) -> 0 | Y11: =COUNTIFS(BOTA!$T:$T,'TABELA GERAL'!Y1) -> 1 | Z11: =COUNTIFS(BOTA!$T:$T,'TABELA GERAL'!Z1) -> 0 | AA11: =COUNTIFS(BOTA!$T:$T,'TABELA GERAL'!AA1) -> 0 | AB11: =COUNTIFS(BOTA!$T:$T,'TABELA GERAL'!AB1) -> 0 | AC11: =COUNTIFS(BOTA!$T:$T,'TABELA GERAL'!AC1) -> 0
A12: Sacrifício I | B12: =COUNTIFS(COLAR!$V:$V,'TABELA GERAL'!B1) -> 0 | C12: =COUNTIFS(COLAR!$V:$V,'TABELA GERAL'!C1) -> 1 | D12: =COUNTIFS(COLAR!$V:$V,'TABELA GERAL'!D1) -> 1 | E12: =COUNTIFS(COLAR!$V:$V,'TABELA GERAL'!E1) -> 0 | F12: =COUNTIFS(COLAR!$V:$V,'TABELA GERAL'!F1) -> 1 | G12: =COUNTIFS(COLAR!$V:$V,'TABELA GERAL'!G1) -> 0 | H12: =COUNTIFS(COLAR!$V:$V,'TABELA GERAL'!H1) -> 0 | I12: =COUNTIFS(COLAR!$V:$V,'TABELA GERAL'!I1) -> 0 | K12: Sacrifício I | L12: =COUNTIFS(CAMISA!$V:$V,'TABELA GERAL'!L1) -> 0 | M12: =COUNTIFS(CAMISA!$V:$V,'TABELA GERAL'!M1) -> 0 | N12: =COUNTIFS(CAMISA!$V:$V,'TABELA GERAL'!N1) -> 1 | O12: =COUNTIFS(CAMISA!$V:$V,'TABELA GERAL'!O1) -> 0 | P12: =COUNTIFS(CAMISA!$V:$V,'TABELA GERAL'!P1) -> 0 | Q12: =COUNTIFS(CAMISA!$V:$V,'TABELA GERAL'!Q1) -> 0 | R12: =COUNTIFS(CAMISA!$V:$V,'TABELA GERAL'!R1) -> 0 | S12: =COUNTIFS(CAMISA!$V:$V,'TABELA GERAL'!S1) -> 0 | U12: Sacrifício I | V12: =COUNTIFS(BOTA!$V:$V,'TABELA GERAL'!V1) -> 0 | W12: =COUNTIFS(BOTA!$V:$V,'TABELA GERAL'!W1) -> 0 | X12: =COUNTIFS(BOTA!$V:$V,'TABELA GERAL'!X1) -> 0 | Y12: =COUNTIFS(BOTA!$V:$V,'TABELA GERAL'!Y1) -> 1 | Z12: =COUNTIFS(BOTA!$V:$V,'TABELA GERAL'!Z1) -> 1 | AA12: =COUNTIFS(BOTA!$V:$V,'TABELA GERAL'!AA1) -> 0 | AB12: =COUNTIFS(BOTA!$V:$V,'TABELA GERAL'!AB1) -> 0 | AC12: =COUNTIFS(BOTA!$V:$V,'TABELA GERAL'!AC1) -> 0
A13: Sacrifício II | B13: =COUNTIFS(COLAR!$X:$X,'TABELA GERAL'!B1) -> 2 | C13: =COUNTIFS(COLAR!$X:$X,'TABELA GERAL'!C1) -> 0 | D13: =COUNTIFS(COLAR!$X:$X,'TABELA GERAL'!D1) -> 0 | E13: =COUNTIFS(COLAR!$X:$X,'TABELA GERAL'!E1) -> 0 | F13: =COUNTIFS(COLAR!$X:$X,'TABELA GERAL'!F1) -> 0 | G13: =COUNTIFS(COLAR!$X:$X,'TABELA GERAL'!G1) -> 1 | H13: =COUNTIFS(COLAR!$X:$X,'TABELA GERAL'!H1) -> 0 | I13: =COUNTIFS(COLAR!$X:$X,'TABELA GERAL'!I1) -> 0 | K13: Sacrifício II | L13: =COUNTIFS(CAMISA!$X:$X,'TABELA GERAL'!L1) -> 0 | M13: =COUNTIFS(CAMISA!$X:$X,'TABELA GERAL'!M1) -> 0 | N13: =COUNTIFS(CAMISA!$X:$X,'TABELA GERAL'!N1) -> 1 | O13: =COUNTIFS(CAMISA!$X:$X,'TABELA GERAL'!O1) -> 0 | P13: =COUNTIFS(CAMISA!$X:$X,'TABELA GERAL'!P1) -> 0 | Q13: =COUNTIFS(CAMISA!$X:$X,'TABELA GERAL'!Q1) -> 2 | R13: =COUNTIFS(CAMISA!$X:$X,'TABELA GERAL'!R1) -> 0 | S13: =COUNTIFS(CAMISA!$X:$X,'TABELA GERAL'!S1) -> 1 | U13: Sacrifício II | V13: =COUNTIFS(BOTA!$X:$X,'TABELA GERAL'!V1) -> 0 | W13: =COUNTIFS(BOTA!$X:$X,'TABELA GERAL'!W1) -> 1 | X13: =COUNTIFS(BOTA!$X:$X,'TABELA GERAL'!X1) -> 0 | Y13: =COUNTIFS(BOTA!$X:$X,'TABELA GERAL'!Y1) -> 0 | Z13: =COUNTIFS(BOTA!$X:$X,'TABELA GERAL'!Z1) -> 1 | AA13: =COUNTIFS(BOTA!$X:$X,'TABELA GERAL'!AA1) -> 0 | AB13: =COUNTIFS(BOTA!$X:$X,'TABELA GERAL'!AB1) -> 0 | AC13: =COUNTIFS(BOTA!$X:$X,'TABELA GERAL'!AC1) -> 0
A14: Sacrifício III | B14: =COUNTIFS(COLAR!$Z:$Z,'TABELA GERAL'!B1) -> 0 | C14: =COUNTIFS(COLAR!$Z:$Z,'TABELA GERAL'!C1) -> 0 | D14: =COUNTIFS(COLAR!$Z:$Z,'TABELA GERAL'!D1) -> 0 | E14: =COUNTIFS(COLAR!$Z:$Z,'TABELA GERAL'!E1) -> 0 | F14: =COUNTIFS(COLAR!$Z:$Z,'TABELA GERAL'!F1) -> 1 | G14: =COUNTIFS(COLAR!$Z:$Z,'TABELA GERAL'!G1) -> 0 | H14: =COUNTIFS(COLAR!$Z:$Z,'TABELA GERAL'!H1) -> 0 | I14: =COUNTIFS(COLAR!$Z:$Z,'TABELA GERAL'!I1) -> 0 | K14: Sacrifício III | L14: =COUNTIFS(CAMISA!$Z:$Z,'TABELA GERAL'!L1) -> 1 | M14: =COUNTIFS(CAMISA!$Z:$Z,'TABELA GERAL'!M1) -> 0 | N14: =COUNTIFS(CAMISA!$Z:$Z,'TABELA GERAL'!N1) -> 1 | O14: =COUNTIFS(CAMISA!$Z:$Z,'TABELA GERAL'!O1) -> 1 | P14: =COUNTIFS(CAMISA!$Z:$Z,'TABELA GERAL'!P1) -> 1 | Q14: =COUNTIFS(CAMISA!$Z:$Z,'TABELA GERAL'!Q1) -> 0 | R14: =COUNTIFS(CAMISA!$Z:$Z,'TABELA GERAL'!R1) -> 0 | S14: =COUNTIFS(CAMISA!$Z:$Z,'TABELA GERAL'!S1) -> 1 | U14: Sacrifício III | V14: =COUNTIFS(BOTA!$Z:$Z,'TABELA GERAL'!V1) -> 0 | W14: =COUNTIFS(BOTA!$Z:$Z,'TABELA GERAL'!W1) -> 2 | X14: =COUNTIFS(BOTA!$Z:$Z,'TABELA GERAL'!X1) -> 0 | Y14: =COUNTIFS(BOTA!$Z:$Z,'TABELA GERAL'!Y1) -> 0 | Z14: =COUNTIFS(BOTA!$Z:$Z,'TABELA GERAL'!Z1) -> 2 | AA14: =COUNTIFS(BOTA!$Z:$Z,'TABELA GERAL'!AA1) -> 0 | AB14: =COUNTIFS(BOTA!$Z:$Z,'TABELA GERAL'!AB1) -> 0 | AC14: =COUNTIFS(BOTA!$Z:$Z,'TABELA GERAL'!AC1) -> 0
A15: Sacrifício IV | B15: =COUNTIFS(COLAR!$AB:$AB,'TABELA GERAL'!B1) -> 0 | C15: =COUNTIFS(COLAR!$AB:$AB,'TABELA GERAL'!C1) -> 1 | D15: =COUNTIFS(COLAR!$AB:$AB,'TABELA GERAL'!D1) -> 0 | E15: =COUNTIFS(COLAR!$AB:$AB,'TABELA GERAL'!E1) -> 1 | F15: =COUNTIFS(COLAR!$AB:$AB,'TABELA GERAL'!F1) -> 1 | G15: =COUNTIFS(COLAR!$AB:$AB,'TABELA GERAL'!G1) -> 1 | H15: =COUNTIFS(COLAR!$AB:$AB,'TABELA GERAL'!H1) -> 1 | I15: =COUNTIFS(COLAR!$AB:$AB,'TABELA GERAL'!I1) -> 0 | K15: Sacrifício IV | L15: =COUNTIFS(CAMISA!$AB:$AB,'TABELA GERAL'!L1) -> 2 | M15: =COUNTIFS(CAMISA!$AB:$AB,'TABELA GERAL'!M1) -> 1 | N15: =COUNTIFS(CAMISA!$AB:$AB,'TABELA GERAL'!N1) -> 0 | O15: =COUNTIFS(CAMISA!$AB:$AB,'TABELA GERAL'!O1) -> 1 | P15: =COUNTIFS(CAMISA!$AB:$AB,'TABELA GERAL'!P1) -> 1 | Q15: =COUNTIFS(CAMISA!$AB:$AB,'TABELA GERAL'!Q1) -> 1 | R15: =COUNTIFS(CAMISA!$AB:$AB,'TABELA GERAL'!R1) -> 1 | S15: =COUNTIFS(CAMISA!$AB:$AB,'TABELA GERAL'!S1) -> 0 | U15: Sacrifício IV | V15: =COUNTIFS(BOTA!$AB:$AB,'TABELA GERAL'!V1) -> 0 | W15: =COUNTIFS(BOTA!$AB:$AB,'TABELA GERAL'!W1) -> 1 | X15: =COUNTIFS(BOTA!$AB:$AB,'TABELA GERAL'!X1) -> 2 | Y15: =COUNTIFS(BOTA!$AB:$AB,'TABELA GERAL'!Y1) -> 3 | Z15: =COUNTIFS(BOTA!$AB:$AB,'TABELA GERAL'!Z1) -> 1 | AA15: =COUNTIFS(BOTA!$AB:$AB,'TABELA GERAL'!AA1) -> 0 | AB15: =COUNTIFS(BOTA!$AB:$AB,'TABELA GERAL'!AB1) -> 1 | AC15: =COUNTIFS(BOTA!$AB:$AB,'TABELA GERAL'!AC1) -> 1
A16: Sacrifício V | B16: =COUNTIFS(COLAR!$AD:$AD,'TABELA GERAL'!B1) -> 1 | C16: =COUNTIFS(COLAR!$AD:$AD,'TABELA GERAL'!C1) -> 0 | D16: =COUNTIFS(COLAR!$AD:$AD,'TABELA GERAL'!D1) -> 1 | E16: =COUNTIFS(COLAR!$AD:$AD,'TABELA GERAL'!E1) -> 1 | F16: =COUNTIFS(COLAR!$AD:$AD,'TABELA GERAL'!F1) -> 0 | G16: =COUNTIFS(COLAR!$AD:$AD,'TABELA GERAL'!G1) -> 0 | H16: =COUNTIFS(COLAR!$AD:$AD,'TABELA GERAL'!H1) -> 0 | I16: =COUNTIFS(COLAR!$AD:$AD,'TABELA GERAL'!I1) -> 0 | K16: Sacrifício V | L16: =COUNTIFS(CAMISA!$AD:$AD,'TABELA GERAL'!L1) -> 0 | M16: =COUNTIFS(CAMISA!$AD:$AD,'TABELA GERAL'!M1) -> 2 | N16: =COUNTIFS(CAMISA!$AD:$AD,'TABELA GERAL'!N1) -> 0 | O16: =COUNTIFS(CAMISA!$AD:$AD,'TABELA GERAL'!O1) -> 0 | P16: =COUNTIFS(CAMISA!$AD:$AD,'TABELA GERAL'!P1) -> 1 | Q16: =COUNTIFS(CAMISA!$AD:$AD,'TABELA GERAL'!Q1) -> 0 | R16: =COUNTIFS(CAMISA!$AD:$AD,'TABELA GERAL'!R1) -> 1 | S16: =COUNTIFS(CAMISA!$AD:$AD,'TABELA GERAL'!S1) -> 0 | U16: Sacrifício V | V16: =COUNTIFS(BOTA!$AD:$AD,'TABELA GERAL'!V1) -> 0 | W16: =COUNTIFS(BOTA!$AD:$AD,'TABELA GERAL'!W1) -> 0 | X16: =COUNTIFS(BOTA!$AD:$AD,'TABELA GERAL'!X1) -> 1 | Y16: =COUNTIFS(BOTA!$AD:$AD,'TABELA GERAL'!Y1) -> 1 | Z16: =COUNTIFS(BOTA!$AD:$AD,'TABELA GERAL'!Z1) -> 0 | AA16: =COUNTIFS(BOTA!$AD:$AD,'TABELA GERAL'!AA1) -> 0 | AB16: =COUNTIFS(BOTA!$AD:$AD,'TABELA GERAL'!AB1) -> 2 | AC16: =COUNTIFS(BOTA!$AD:$AD,'TABELA GERAL'!AC1) -> 0
A17: Tychel I | B17: =COUNTIFS(COLAR!$AF:$AF,'TABELA GERAL'!B1) -> 0 | C17: =COUNTIFS(COLAR!$AF:$AF,'TABELA GERAL'!C1) -> 0 | D17: =COUNTIFS(COLAR!$AF:$AF,'TABELA GERAL'!D1) -> 1 | E17: =COUNTIFS(COLAR!$AF:$AF,'TABELA GERAL'!E1) -> 0 | F17: =COUNTIFS(COLAR!$AF:$AF,'TABELA GERAL'!F1) -> 0 | G17: =COUNTIFS(COLAR!$AF:$AF,'TABELA GERAL'!G1) -> 0 | H17: =COUNTIFS(COLAR!$AF:$AF,'TABELA GERAL'!H1) -> 0 | I17: =COUNTIFS(COLAR!$AF:$AF,'TABELA GERAL'!I1) -> 0 | K17: Tychel I | L17: =COUNTIFS(CAMISA!$AF:$AF,'TABELA GERAL'!L1) -> 0 | M17: =COUNTIFS(CAMISA!$AF:$AF,'TABELA GERAL'!M1) -> 0 | N17: =COUNTIFS(CAMISA!$AF:$AF,'TABELA GERAL'!N1) -> 2 | O17: =COUNTIFS(CAMISA!$AF:$AF,'TABELA GERAL'!O1) -> 0 | P17: =COUNTIFS(CAMISA!$AF:$AF,'TABELA GERAL'!P1) -> 0 | Q17: =COUNTIFS(CAMISA!$AF:$AF,'TABELA GERAL'!Q1) -> 0 | R17: =COUNTIFS(CAMISA!$AF:$AF,'TABELA GERAL'!R1) -> 0 | S17: =COUNTIFS(CAMISA!$AF:$AF,'TABELA GERAL'!S1) -> 0 | U17: Tychel I | V17: =COUNTIFS(BOTA!$AF:$AF,'TABELA GERAL'!V1) -> 0 | W17: =COUNTIFS(BOTA!$AF:$AF,'TABELA GERAL'!W1) -> 0 | X17: =COUNTIFS(BOTA!$AF:$AF,'TABELA GERAL'!X1) -> 1 | Y17: =COUNTIFS(BOTA!$AF:$AF,'TABELA GERAL'!Y1) -> 0 | Z17: =COUNTIFS(BOTA!$AF:$AF,'TABELA GERAL'!Z1) -> 0 | AA17: =COUNTIFS(BOTA!$AF:$AF,'TABELA GERAL'!AA1) -> 0 | AB17: =COUNTIFS(BOTA!$AF:$AF,'TABELA GERAL'!AB1) -> 0 | AC17: =COUNTIFS(BOTA!$AF:$AF,'TABELA GERAL'!AC1) -> 0
A18: Tychel II | B18: =COUNTIFS(COLAR!$AH:$AH,'TABELA GERAL'!B1) -> 1 | C18: =COUNTIFS(COLAR!$AH:$AH,'TABELA GERAL'!C1) -> 0 | D18: =COUNTIFS(COLAR!$AH:$AH,'TABELA GERAL'!D1) -> 1 | E18: =COUNTIFS(COLAR!$AH:$AH,'TABELA GERAL'!E1) -> 2 | F18: =COUNTIFS(COLAR!$AH:$AH,'TABELA GERAL'!F1) -> 1 | G18: =COUNTIFS(COLAR!$AH:$AH,'TABELA GERAL'!G1) -> 1 | H18: =COUNTIFS(COLAR!$AH:$AH,'TABELA GERAL'!H1) -> 2 | I18: =COUNTIFS(COLAR!$AH:$AH,'TABELA GERAL'!I1) -> 0 | K18: Tychel II | L18: =COUNTIFS(CAMISA!$AH:$AH,'TABELA GERAL'!L1) -> 0 | M18: =COUNTIFS(CAMISA!$AH:$AH,'TABELA GERAL'!M1) -> 0 | N18: =COUNTIFS(CAMISA!$AH:$AH,'TABELA GERAL'!N1) -> 1 | O18: =COUNTIFS(CAMISA!$AH:$AH,'TABELA GERAL'!O1) -> 0 | P18: =COUNTIFS(CAMISA!$AH:$AH,'TABELA GERAL'!P1) -> 0 | Q18: =COUNTIFS(CAMISA!$AH:$AH,'TABELA GERAL'!Q1) -> 1 | R18: =COUNTIFS(CAMISA!$AH:$AH,'TABELA GERAL'!R1) -> 0 | S18: =COUNTIFS(CAMISA!$AH:$AH,'TABELA GERAL'!S1) -> 0 | U18: Tychel II | V18: =COUNTIFS(BOTA!$AH:$AH,'TABELA GERAL'!V1) -> 0 | W18: =COUNTIFS(BOTA!$AH:$AH,'TABELA GERAL'!W1) -> 0 | X18: =COUNTIFS(BOTA!$AH:$AH,'TABELA GERAL'!X1) -> 1 | Y18: =COUNTIFS(BOTA!$AH:$AH,'TABELA GERAL'!Y1) -> 1 | Z18: =COUNTIFS(BOTA!$AH:$AH,'TABELA GERAL'!Z1) -> 0 | AA18: =COUNTIFS(BOTA!$AH:$AH,'TABELA GERAL'!AA1) -> 0 | AB18: =COUNTIFS(BOTA!$AH:$AH,'TABELA GERAL'!AB1) -> 0 | AC18: =COUNTIFS(BOTA!$AH:$AH,'TABELA GERAL'!AC1) -> 0
A19: Tychel III | B19: =COUNTIFS(COLAR!$AJ:$AJ,'TABELA GERAL'!B1) -> 0 | C19: =COUNTIFS(COLAR!$AJ:$AJ,'TABELA GERAL'!C1) -> 0 | D19: =COUNTIFS(COLAR!$AJ:$AJ,'TABELA GERAL'!D1) -> 1 | E19: =COUNTIFS(COLAR!$AJ:$AJ,'TABELA GERAL'!E1) -> 1 | F19: =COUNTIFS(COLAR!$AJ:$AJ,'TABELA GERAL'!F1) -> 0 | G19: =COUNTIFS(COLAR!$AJ:$AJ,'TABELA GERAL'!G1) -> 1 | H19: =COUNTIFS(COLAR!$AJ:$AJ,'TABELA GERAL'!H1) -> 0 | I19: =COUNTIFS(COLAR!$AJ:$AJ,'TABELA GERAL'!I1) -> 0 | K19: Tychel III | L19: =COUNTIFS(CAMISA!$AJ:$AJ,'TABELA GERAL'!L1) -> 0 | M19: =COUNTIFS(CAMISA!$AJ:$AJ,'TABELA GERAL'!M1) -> 0 | N19: =COUNTIFS(CAMISA!$AJ:$AJ,'TABELA GERAL'!N1) -> 0 | O19: =COUNTIFS(CAMISA!$AJ:$AJ,'TABELA GERAL'!O1) -> 0 | P19: =COUNTIFS(CAMISA!$AJ:$AJ,'TABELA GERAL'!P1) -> 1 | Q19: =COUNTIFS(CAMISA!$AJ:$AJ,'TABELA GERAL'!Q1) -> 0 | R19: =COUNTIFS(CAMISA!$AJ:$AJ,'TABELA GERAL'!R1) -> 0 | S19: =COUNTIFS(CAMISA!$AJ:$AJ,'TABELA GERAL'!S1) -> 0 | U19: Tychel III | V19: =COUNTIFS(BOTA!$AJ:$AJ,'TABELA GERAL'!V1) -> 0 | W19: =COUNTIFS(BOTA!$AJ:$AJ,'TABELA GERAL'!W1) -> 0 | X19: =COUNTIFS(BOTA!$AJ:$AJ,'TABELA GERAL'!X1) -> 0 | Y19: =COUNTIFS(BOTA!$AJ:$AJ,'TABELA GERAL'!Y1) -> 0 | Z19: =COUNTIFS(BOTA!$AJ:$AJ,'TABELA GERAL'!Z1) -> 0 | AA19: =COUNTIFS(BOTA!$AJ:$AJ,'TABELA GERAL'!AA1) -> 1 | AB19: =COUNTIFS(BOTA!$AJ:$AJ,'TABELA GERAL'!AB1) -> 0 | AC19: =COUNTIFS(BOTA!$AJ:$AJ,'TABELA GERAL'!AC1) -> 0
A20: Tychel IV | B20: =COUNTIFS(COLAR!$AL:$AL,'TABELA GERAL'!B1) -> 2 | C20: =COUNTIFS(COLAR!$AL:$AL,'TABELA GERAL'!C1) -> 1 | D20: =COUNTIFS(COLAR!$AL:$AL,'TABELA GERAL'!D1) -> 0 | E20: =COUNTIFS(COLAR!$AL:$AL,'TABELA GERAL'!E1) -> 2 | F20: =COUNTIFS(COLAR!$AL:$AL,'TABELA GERAL'!F1) -> 0 | G20: =COUNTIFS(COLAR!$AL:$AL,'TABELA GERAL'!G1) -> 0 | H20: =COUNTIFS(COLAR!$AL:$AL,'TABELA GERAL'!H1) -> 1 | I20: =COUNTIFS(COLAR!$AL:$AL,'TABELA GERAL'!I1) -> 0 | K20: Tychel IV | L20: =COUNTIFS(CAMISA!$AL:$AL,'TABELA GERAL'!L1) -> 0 | M20: =COUNTIFS(CAMISA!$AL:$AL,'TABELA GERAL'!M1) -> 2 | N20: =COUNTIFS(CAMISA!$AL:$AL,'TABELA GERAL'!N1) -> 0 | O20: =COUNTIFS(CAMISA!$AL:$AL,'TABELA GERAL'!O1) -> 2 | P20: =COUNTIFS(CAMISA!$AL:$AL,'TABELA GERAL'!P1) -> 1 | Q20: =COUNTIFS(CAMISA!$AL:$AL,'TABELA GERAL'!Q1) -> 4 | R20: =COUNTIFS(CAMISA!$AL:$AL,'TABELA GERAL'!R1) -> 2 | S20: =COUNTIFS(CAMISA!$AL:$AL,'TABELA GERAL'!S1) -> 1 | U20: Tychel IV | V20: =COUNTIFS(BOTA!$AL:$AL,'TABELA GERAL'!V1) -> 1 | W20: =COUNTIFS(BOTA!$AL:$AL,'TABELA GERAL'!W1) -> 2 | X20: =COUNTIFS(BOTA!$AL:$AL,'TABELA GERAL'!X1) -> 1 | Y20: =COUNTIFS(BOTA!$AL:$AL,'TABELA GERAL'!Y1) -> 0 | Z20: =COUNTIFS(BOTA!$AL:$AL,'TABELA GERAL'!Z1) -> 0 | AA20: =COUNTIFS(BOTA!$AL:$AL,'TABELA GERAL'!AA1) -> 2 | AB20: =COUNTIFS(BOTA!$AL:$AL,'TABELA GERAL'!AB1) -> 6 | AC20: =COUNTIFS(BOTA!$AL:$AL,'TABELA GERAL'!AC1) -> 1
A21: Tychel V | B21: =COUNTIFS(COLAR!$AN:$AN,'TABELA GERAL'!B1) -> 0 | C21: =COUNTIFS(COLAR!$AN:$AN,'TABELA GERAL'!C1) -> 0 | D21: =COUNTIFS(COLAR!$AN:$AN,'TABELA GERAL'!D1) -> 0 | E21: =COUNTIFS(COLAR!$AN:$AN,'TABELA GERAL'!E1) -> 1 | F21: =COUNTIFS(COLAR!$AN:$AN,'TABELA GERAL'!F1) -> 1 | G21: =COUNTIFS(COLAR!$AN:$AN,'TABELA GERAL'!G1) -> 1 | H21: =COUNTIFS(COLAR!$AN:$AN,'TABELA GERAL'!H1) -> 0 | I21: =COUNTIFS(COLAR!$AN:$AN,'TABELA GERAL'!I1) -> 0 | K21: Tychel V | L21: =COUNTIFS(CAMISA!$AN:$AN,'TABELA GERAL'!L1) -> 0 | M21: =COUNTIFS(CAMISA!$AN:$AN,'TABELA GERAL'!M1) -> 1 | N21: =COUNTIFS(CAMISA!$AN:$AN,'TABELA GERAL'!N1) -> 0 | O21: =COUNTIFS(CAMISA!$AN:$AN,'TABELA GERAL'!O1) -> 1 | P21: =COUNTIFS(CAMISA!$AN:$AN,'TABELA GERAL'!P1) -> 0 | Q21: =COUNTIFS(CAMISA!$AN:$AN,'TABELA GERAL'!Q1) -> 1 | R21: =COUNTIFS(CAMISA!$AN:$AN,'TABELA GERAL'!R1) -> 0 | S21: =COUNTIFS(CAMISA!$AN:$AN,'TABELA GERAL'!S1) -> 1 | U21: Tychel V | V21: =COUNTIFS(BOTA!$AN:$AN,'TABELA GERAL'!V1) -> 0 | W21: =COUNTIFS(BOTA!$AN:$AN,'TABELA GERAL'!W1) -> 0 | X21: =COUNTIFS(BOTA!$AN:$AN,'TABELA GERAL'!X1) -> 0 | Y21: =COUNTIFS(BOTA!$AN:$AN,'TABELA GERAL'!Y1) -> 0 | Z21: =COUNTIFS(BOTA!$AN:$AN,'TABELA GERAL'!Z1) -> 0 | AA21: =COUNTIFS(BOTA!$AN:$AN,'TABELA GERAL'!AA1) -> 1 | AB21: =COUNTIFS(BOTA!$AN:$AN,'TABELA GERAL'!AB1) -> 0 | AC21: =COUNTIFS(BOTA!$AN:$AN,'TABELA GERAL'!AC1) -> 3
A22: Azrael I | B22: =COUNTIFS(COLAR!$AP:$AP,'TABELA GERAL'!B1) -> 0 | C22: =COUNTIFS(COLAR!$AP:$AP,'TABELA GERAL'!C1) -> 0 | D22: =COUNTIFS(COLAR!$AP:$AP,'TABELA GERAL'!D1) -> 1 | E22: =COUNTIFS(COLAR!$AP:$AP,'TABELA GERAL'!E1) -> 0 | F22: =COUNTIFS(COLAR!$AP:$AP,'TABELA GERAL'!F1) -> 0 | G22: =COUNTIFS(COLAR!$AP:$AP,'TABELA GERAL'!G1) -> 0 | H22: =COUNTIFS(COLAR!$AP:$AP,'TABELA GERAL'!H1) -> 0 | I22: =COUNTIFS(COLAR!$AP:$AP,'TABELA GERAL'!I1) -> 0 | K22: Azrael I | L22: =COUNTIFS(CAMISA!$AP:$AP,'TABELA GERAL'!L1) -> 0 | M22: =COUNTIFS(CAMISA!$AP:$AP,'TABELA GERAL'!M1) -> 0 | N22: =COUNTIFS(CAMISA!$AP:$AP,'TABELA GERAL'!N1) -> 0 | O22: =COUNTIFS(CAMISA!$AP:$AP,'TABELA GERAL'!O1) -> 0 | P22: =COUNTIFS(CAMISA!$AP:$AP,'TABELA GERAL'!P1) -> 0 | Q22: =COUNTIFS(CAMISA!$AP:$AP,'TABELA GERAL'!Q1) -> 1 | R22: =COUNTIFS(CAMISA!$AP:$AP,'TABELA GERAL'!R1) -> 0 | S22: =COUNTIFS(CAMISA!$AP:$AP,'TABELA GERAL'!S1) -> 0 | U22: Azrael I | V22: =COUNTIFS(BOTA!$AP:$AP,'TABELA GERAL'!V1) -> 0 | W22: =COUNTIFS(BOTA!$AP:$AP,'TABELA GERAL'!W1) -> 0 | X22: =COUNTIFS(BOTA!$AP:$AP,'TABELA GERAL'!X1) -> 1 | Y22: =COUNTIFS(BOTA!$AP:$AP,'TABELA GERAL'!Y1) -> 1 | Z22: =COUNTIFS(BOTA!$AP:$AP,'TABELA GERAL'!Z1) -> 0 | AA22: =COUNTIFS(BOTA!$AP:$AP,'TABELA GERAL'!AA1) -> 0 | AB22: =COUNTIFS(BOTA!$AP:$AP,'TABELA GERAL'!AB1) -> 0 | AC22: =COUNTIFS(BOTA!$AP:$AP,'TABELA GERAL'!AC1) -> 0
A23: Azrael II | B23: =COUNTIFS(COLAR!$AR:$AR,'TABELA GERAL'!B1) -> 0 | C23: =COUNTIFS(COLAR!$AR:$AR,'TABELA GERAL'!C1) -> 0 | D23: =COUNTIFS(COLAR!$AR:$AR,'TABELA GERAL'!D1) -> 0 | E23: =COUNTIFS(COLAR!$AR:$AR,'TABELA GERAL'!E1) -> 0 | F23: =COUNTIFS(COLAR!$AR:$AR,'TABELA GERAL'!F1) -> 0 | G23: =COUNTIFS(COLAR!$AR:$AR,'TABELA GERAL'!G1) -> 0 | H23: =COUNTIFS(COLAR!$AR:$AR,'TABELA GERAL'!H1) -> 0 | I23: =COUNTIFS(COLAR!$AR:$AR,'TABELA GERAL'!I1) -> 0 | K23: Azrael II | L23: =COUNTIFS(CAMISA!$AR:$AR,'TABELA GERAL'!L1) -> 1 | M23: =COUNTIFS(CAMISA!$AR:$AR,'TABELA GERAL'!M1) -> 0 | N23: =COUNTIFS(CAMISA!$AR:$AR,'TABELA GERAL'!N1) -> 0 | O23: =COUNTIFS(CAMISA!$AR:$AR,'TABELA GERAL'!O1) -> 0 | P23: =COUNTIFS(CAMISA!$AR:$AR,'TABELA GERAL'!P1) -> 0 | Q23: =COUNTIFS(CAMISA!$AR:$AR,'TABELA GERAL'!Q1) -> 0 | R23: =COUNTIFS(CAMISA!$AR:$AR,'TABELA GERAL'!R1) -> 0 | S23: =COUNTIFS(CAMISA!$AR:$AR,'TABELA GERAL'!S1) -> 0 | U23: Azrael II | V23: =COUNTIFS(BOTA!$AR:$AR,'TABELA GERAL'!V1) -> 0 | W23: =COUNTIFS(BOTA!$AR:$AR,'TABELA GERAL'!W1) -> 0 | X23: =COUNTIFS(BOTA!$AR:$AR,'TABELA GERAL'!X1) -> 0 | Y23: =COUNTIFS(BOTA!$AR:$AR,'TABELA GERAL'!Y1) -> 1 | Z23: =COUNTIFS(BOTA!$AR:$AR,'TABELA GERAL'!Z1) -> 0 | AA23: =COUNTIFS(BOTA!$AR:$AR,'TABELA GERAL'!AA1) -> 0 | AB23: =COUNTIFS(BOTA!$AR:$AR,'TABELA GERAL'!AB1) -> 0 | AC23: =COUNTIFS(BOTA!$AR:$AR,'TABELA GERAL'!AC1) -> 0
A24: Azrael III | B24: =COUNTIFS(COLAR!$AT:$AT,'TABELA GERAL'!B1) -> 0 | C24: =COUNTIFS(COLAR!$AT:$AT,'TABELA GERAL'!C1) -> 1 | D24: =COUNTIFS(COLAR!$AT:$AT,'TABELA GERAL'!D1) -> 0 | E24: =COUNTIFS(COLAR!$AT:$AT,'TABELA GERAL'!E1) -> 0 | F24: =COUNTIFS(COLAR!$AT:$AT,'TABELA GERAL'!F1) -> 3 | G24: =COUNTIFS(COLAR!$AT:$AT,'TABELA GERAL'!G1) -> 0 | H24: =COUNTIFS(COLAR!$AT:$AT,'TABELA GERAL'!H1) -> 0 | I24: =COUNTIFS(COLAR!$AT:$AT,'TABELA GERAL'!I1) -> 0 | K24: Azrael III | L24: =COUNTIFS(CAMISA!$AT:$AT,'TABELA GERAL'!L1) -> 0 | M24: =COUNTIFS(CAMISA!$AT:$AT,'TABELA GERAL'!M1) -> 0 | N24: =COUNTIFS(CAMISA!$AT:$AT,'TABELA GERAL'!N1) -> 0 | O24: =COUNTIFS(CAMISA!$AT:$AT,'TABELA GERAL'!O1) -> 0 | P24: =COUNTIFS(CAMISA!$AT:$AT,'TABELA GERAL'!P1) -> 0 | Q24: =COUNTIFS(CAMISA!$AT:$AT,'TABELA GERAL'!Q1) -> 1 | R24: =COUNTIFS(CAMISA!$AT:$AT,'TABELA GERAL'!R1) -> 0 | S24: =COUNTIFS(CAMISA!$AT:$AT,'TABELA GERAL'!S1) -> 0 | U24: Azrael III | V24: =COUNTIFS(BOTA!$AT:$AT,'TABELA GERAL'!V1) -> 0 | W24: =COUNTIFS(BOTA!$AT:$AT,'TABELA GERAL'!W1) -> 0 | X24: =COUNTIFS(BOTA!$AT:$AT,'TABELA GERAL'!X1) -> 0 | Y24: =COUNTIFS(BOTA!$AT:$AT,'TABELA GERAL'!Y1) -> 0 | Z24: =COUNTIFS(BOTA!$AT:$AT,'TABELA GERAL'!Z1) -> 1 | AA24: =COUNTIFS(BOTA!$AT:$AT,'TABELA GERAL'!AA1) -> 1 | AB24: =COUNTIFS(BOTA!$AT:$AT,'TABELA GERAL'!AB1) -> 0 | AC24: =COUNTIFS(BOTA!$AT:$AT,'TABELA GERAL'!AC1) -> 0
A25: Azrael IV | B25: =COUNTIFS(COLAR!$AV:$AV,'TABELA GERAL'!B1) -> 0 | C25: =COUNTIFS(COLAR!$AV:$AV,'TABELA GERAL'!C1) -> 1 | D25: =COUNTIFS(COLAR!$AV:$AV,'TABELA GERAL'!D1) -> 1 | E25: =COUNTIFS(COLAR!$AV:$AV,'TABELA GERAL'!E1) -> 1 | F25: =COUNTIFS(COLAR!$AV:$AV,'TABELA GERAL'!F1) -> 2 | G25: =COUNTIFS(COLAR!$AV:$AV,'TABELA GERAL'!G1) -> 1 | H25: =COUNTIFS(COLAR!$AV:$AV,'TABELA GERAL'!H1) -> 1 | I25: =COUNTIFS(COLAR!$AV:$AV,'TABELA GERAL'!I1) -> 0 | K25: Azrael IV | L25: =COUNTIFS(CAMISA!$AV:$AV,'TABELA GERAL'!L1) -> 1 | M25: =COUNTIFS(CAMISA!$AV:$AV,'TABELA GERAL'!M1) -> 1 | N25: =COUNTIFS(CAMISA!$AV:$AV,'TABELA GERAL'!N1) -> 0 | O25: =COUNTIFS(CAMISA!$AV:$AV,'TABELA GERAL'!O1) -> 2 | P25: =COUNTIFS(CAMISA!$AV:$AV,'TABELA GERAL'!P1) -> 0 | Q25: =COUNTIFS(CAMISA!$AV:$AV,'TABELA GERAL'!Q1) -> 0 | R25: =COUNTIFS(CAMISA!$AV:$AV,'TABELA GERAL'!R1) -> 2 | S25: =COUNTIFS(CAMISA!$AV:$AV,'TABELA GERAL'!S1) -> 1 | U25: Azrael IV | V25: =COUNTIFS(BOTA!$AV:$AV,'TABELA GERAL'!V1) -> 0 | W25: =COUNTIFS(BOTA!$AV:$AV,'TABELA GERAL'!W1) -> 0 | X25: =COUNTIFS(BOTA!$AV:$AV,'TABELA GERAL'!X1) -> 0 | Y25: =COUNTIFS(BOTA!$AV:$AV,'TABELA GERAL'!Y1) -> 1 | Z25: =COUNTIFS(BOTA!$AV:$AV,'TABELA GERAL'!Z1) -> 1 | AA25: =COUNTIFS(BOTA!$AV:$AV,'TABELA GERAL'!AA1) -> 1 | AB25: =COUNTIFS(BOTA!$AV:$AV,'TABELA GERAL'!AB1) -> 1 | AC25: =COUNTIFS(BOTA!$AV:$AV,'TABELA GERAL'!AC1) -> 3
A26: Azrael V | B26: =COUNTIFS(COLAR!$AX:$AX,'TABELA GERAL'!B1) -> 0 | C26: =COUNTIFS(COLAR!$AX:$AX,'TABELA GERAL'!C1) -> 0 | D26: =COUNTIFS(COLAR!$AX:$AX,'TABELA GERAL'!D1) -> 1 | E26: =COUNTIFS(COLAR!$AX:$AX,'TABELA GERAL'!E1) -> 0 | F26: =COUNTIFS(COLAR!$AX:$AX,'TABELA GERAL'!F1) -> 2 | G26: =COUNTIFS(COLAR!$AX:$AX,'TABELA GERAL'!G1) -> 1 | H26: =COUNTIFS(COLAR!$AX:$AX,'TABELA GERAL'!H1) -> 0 | I26: =COUNTIFS(COLAR!$AX:$AX,'TABELA GERAL'!I1) -> 0 | K26: Azrael V | L26: =COUNTIFS(CAMISA!$AX:$AX,'TABELA GERAL'!L1) -> 0 | M26: =COUNTIFS(CAMISA!$AX:$AX,'TABELA GERAL'!M1) -> 0 | N26: =COUNTIFS(CAMISA!$AX:$AX,'TABELA GERAL'!N1) -> 2 | O26: =COUNTIFS(CAMISA!$AX:$AX,'TABELA GERAL'!O1) -> 0 | P26: =COUNTIFS(CAMISA!$AX:$AX,'TABELA GERAL'!P1) -> 1 | Q26: =COUNTIFS(CAMISA!$AX:$AX,'TABELA GERAL'!Q1) -> 3 | R26: =COUNTIFS(CAMISA!$AX:$AX,'TABELA GERAL'!R1) -> 1 | S26: =COUNTIFS(CAMISA!$AX:$AX,'TABELA GERAL'!S1) -> 0 | U26: Azrael V | V26: =COUNTIFS(BOTA!$AX:$AX,'TABELA GERAL'!V1) -> 0 | W26: =COUNTIFS(BOTA!$AX:$AX,'TABELA GERAL'!W1) -> 0 | X26: =COUNTIFS(BOTA!$AX:$AX,'TABELA GERAL'!X1) -> 1 | Y26: =COUNTIFS(BOTA!$AX:$AX,'TABELA GERAL'!Y1) -> 2 | Z26: =COUNTIFS(BOTA!$AX:$AX,'TABELA GERAL'!Z1) -> 0 | AA26: =COUNTIFS(BOTA!$AX:$AX,'TABELA GERAL'!AA1) -> 0 | AB26: =COUNTIFS(BOTA!$AX:$AX,'TABELA GERAL'!AB1) -> 0 | AC26: =COUNTIFS(BOTA!$AX:$AX,'TABELA GERAL'!AC1) -> 0
A28: COLAR | B28: CHEFE | C28: ETERNID | D28: MARTE | E28: FINALID | F28: ORIGEM | G28: PILAR | H28: TROVÃO | I28: HO-OH | K28: CAMISA | L28: CHEFE | M28: ETERNID | N28: MARTE | O28: FINALID | P28: ORIGEM | Q28: PILAR | R28: TROVÃO | S28: HO-OH | U28: BOTA | V28: CHEFE | W28: ETERNID | X28: MARTE | Y28: FINALID | Z28: ORIGEM | AA28: PILAR | AB28: TROVÃO | AC28: HO-OH
A29: Titânio I | B29: =IFERROR(IF(B2/(SUM(B2:I2))=0,"",B2/(SUM(B2:I2))),"") | C29: =IFERROR(IF(C2/(SUM(B2:I2))=0,"",C2/(SUM(B2:I2))),"") | D29: =IFERROR(IF(D2/(SUM(B2:I2))=0,"",D2/(SUM(B2:I2))),"") | E29: =IFERROR(IF(E2/(SUM(B2:I2))=0,"",E2/(SUM(B2:I2))),"") | F29: =IFERROR(IF(F2/(SUM(B2:I2))=0,"",F2/(SUM(B2:I2))),"") -> 1 | G29: =IFERROR(IF(G2/(SUM(B2:I2))=0,"",G2/(SUM(B2:I2))),"") | H29: =IFERROR(IF(H2/(SUM(B2:I2))=0,"",H2/(SUM(B2:I2))),"") | I29: =IFERROR(IF(I2/(SUM(B2:I2))=0,"",I2/(SUM(B2:I2))),"") | K29: Titânio I | L29: =IFERROR(IF(L2/(SUM(L2:S2))=0,"",L2/(SUM(L2:S2))),"") | M29: =IFERROR(IF(M2/(SUM(L2:S2))=0,"",M2/(SUM(L2:S2))),"") | N29: =IFERROR(IF(N2/(SUM(L2:S2))=0,"",N2/(SUM(L2:S2))),"") -> 1 | O29: =IFERROR(IF(O2/(SUM(L2:S2))=0,"",O2/(SUM(L2:S2))),"") | P29: =IFERROR(IF(P2/(SUM(L2:S2))=0,"",P2/(SUM(L2:S2))),"") | Q29: =IFERROR(IF(Q2/(SUM(L2:S2))=0,"",Q2/(SUM(L2:S2))),"") | R29: =IFERROR(IF(R2/(SUM(L2:S2))=0,"",R2/(SUM(L2:S2))),"") | S29: =IFERROR(IF(S2/(SUM(L2:S2))=0,"",S2/(SUM(L2:S2))),"") | U29: Titânio I | V29: =IFERROR(IF(V2/(SUM(V2:AC2))=0,"",V2/(SUM(V2:AC2))),"") -> 0.33333333 | W29: =IFERROR(IF(W2/(SUM(V2:AC2))=0,"",W2/(SUM(V2:AC2))),"") | X29: =IFERROR(IF(X2/(SUM(V2:AC2))=0,"",X2/(SUM(V2:AC2))),"") | Y29: =IFERROR(IF(Y2/(SUM(V2:AC2))=0,"",Y2/(SUM(V2:AC2))),"") | Z29: =IFERROR(IF(Z2/(SUM(V2:AC2))=0,"",Z2/(SUM(V2:AC2))),"") -> 0.66666667 | AA29: =IFERROR(IF(AA2/(SUM(V2:AC2))=0,"",AA2/(SUM(V2:AC2))),"") | AB29: =IFERROR(IF(AB2/(SUM(V2:AC2))=0,"",AB2/(SUM(V2:AC2))),"") | AC29: =IFERROR(IF(AC2/(SUM(V2:AC2))=0,"",AC2/(SUM(V2:AC2))),"")
A30: Titânio II | B30: =IFERROR(IF(B3/(SUM(B3:I3))=0,"",B3/(SUM(B3:I3))),"") | C30: =IFERROR(IF(C3/(SUM(B3:I3))=0,"",C3/(SUM(B3:I3))),"") | D30: =IFERROR(IF(D3/(SUM(B3:I3))=0,"",D3/(SUM(B3:I3))),"") -> 0.33333333 | E30: =IFERROR(IF(E3/(SUM(B3:I3))=0,"",E3/(SUM(B3:I3))),"") | F30: =IFERROR(IF(F3/(SUM(B3:I3))=0,"",F3/(SUM(B3:I3))),"") -> 0.66666667 | G30: =IFERROR(IF(G3/(SUM(B3:I3))=0,"",G3/(SUM(B3:I3))),"") | H30: =IFERROR(IF(H3/(SUM(B3:I3))=0,"",H3/(SUM(B3:I3))),"") | I30: =IFERROR(IF(I3/(SUM(B3:I3))=0,"",I3/(SUM(B3:I3))),"") | K30: Titânio II | L30: =IFERROR(IF(L3/(SUM(L3:S3))=0,"",L3/(SUM(L3:S3))),"") | M30: =IFERROR(IF(M3/(SUM(L3:S3))=0,"",M3/(SUM(L3:S3))),"") -> 0.14285714 | N30: =IFERROR(IF(N3/(SUM(L3:S3))=0,"",N3/(SUM(L3:S3))),"") | O30: =IFERROR(IF(O3/(SUM(L3:S3))=0,"",O3/(SUM(L3:S3))),"") -> 0.14285714 | P30: =IFERROR(IF(P3/(SUM(L3:S3))=0,"",P3/(SUM(L3:S3))),"") -> 0.14285714 | Q30: =IFERROR(IF(Q3/(SUM(L3:S3))=0,"",Q3/(SUM(L3:S3))),"") -> 0.42857143 | R30: =IFERROR(IF(R3/(SUM(L3:S3))=0,"",R3/(SUM(L3:S3))),"") | S30: =IFERROR(IF(S3/(SUM(L3:S3))=0,"",S3/(SUM(L3:S3))),"") -> 0.14285714 | U30: Titânio II | V30: =IFERROR(IF(V3/(SUM(V3:AC3))=0,"",V3/(SUM(V3:AC3))),"") | W30: =IFERROR(IF(W3/(SUM(V3:AC3))=0,"",W3/(SUM(V3:AC3))),"") | X30: =IFERROR(IF(X3/(SUM(V3:AC3))=0,"",X3/(SUM(V3:AC3))),"") -> 0.5 | Y30: =IFERROR(IF(Y3/(SUM(V3:AC3))=0,"",Y3/(SUM(V3:AC3))),"") | Z30: =IFERROR(IF(Z3/(SUM(V3:AC3))=0,"",Z3/(SUM(V3:AC3))),"") -> 0.5 | AA30: =IFERROR(IF(AA3/(SUM(V3:AC3))=0,"",AA3/(SUM(V3:AC3))),"") | AB30: =IFERROR(IF(AB3/(SUM(V3:AC3))=0,"",AB3/(SUM(V3:AC3))),"") | AC30: =IFERROR(IF(AC3/(SUM(V3:AC3))=0,"",AC3/(SUM(V3:AC3))),"")
A31: Titânio III | B31: =IFERROR(IF(B4/(SUM(B4:I4))=0,"",B4/(SUM(B4:I4))),"") | C31: =IFERROR(IF(C4/(SUM(B4:I4))=0,"",C4/(SUM(B4:I4))),"") | D31: =IFERROR(IF(D4/(SUM(B4:I4))=0,"",D4/(SUM(B4:I4))),"") -> 0.33333333 | E31: =IFERROR(IF(E4/(SUM(B4:I4))=0,"",E4/(SUM(B4:I4))),"") -> 0.33333333 | F31: =IFERROR(IF(F4/(SUM(B4:I4))=0,"",F4/(SUM(B4:I4))),"") -> 0.33333333 | G31: =IFERROR(IF(G4/(SUM(B4:I4))=0,"",G4/(SUM(B4:I4))),"") | H31: =IFERROR(IF(H4/(SUM(B4:I4))=0,"",H4/(SUM(B4:I4))),"") | I31: =IFERROR(IF(I4/(SUM(B4:I4))=0,"",I4/(SUM(B4:I4))),"") | K31: Titânio III | L31: =IFERROR(IF(L4/(SUM(L4:S4))=0,"",L4/(SUM(L4:S4))),"") | M31: =IFERROR(IF(M4/(SUM(L4:S4))=0,"",M4/(SUM(L4:S4))),"") | N31: =IFERROR(IF(N4/(SUM(L4:S4))=0,"",N4/(SUM(L4:S4))),"") | O31: =IFERROR(IF(O4/(SUM(L4:S4))=0,"",O4/(SUM(L4:S4))),"") | P31: =IFERROR(IF(P4/(SUM(L4:S4))=0,"",P4/(SUM(L4:S4))),"") -> 1 | Q31: =IFERROR(IF(Q4/(SUM(L4:S4))=0,"",Q4/(SUM(L4:S4))),"") | R31: =IFERROR(IF(R4/(SUM(L4:S4))=0,"",R4/(SUM(L4:S4))),"") | S31: =IFERROR(IF(S4/(SUM(L4:S4))=0,"",S4/(SUM(L4:S4))),"") | U31: Titânio III | V31: =IFERROR(IF(V4/(SUM(V4:AC4))=0,"",V4/(SUM(V4:AC4))),"") | W31: =IFERROR(IF(W4/(SUM(V4:AC4))=0,"",W4/(SUM(V4:AC4))),"") | X31: =IFERROR(IF(X4/(SUM(V4:AC4))=0,"",X4/(SUM(V4:AC4))),"") -> 1 | Y31: =IFERROR(IF(Y4/(SUM(V4:AC4))=0,"",Y4/(SUM(V4:AC4))),"") | Z31: =IFERROR(IF(Z4/(SUM(V4:AC4))=0,"",Z4/(SUM(V4:AC4))),"") | AA31: =IFERROR(IF(AA4/(SUM(V4:AC4))=0,"",AA4/(SUM(V4:AC4))),"") | AB31: =IFERROR(IF(AB4/(SUM(V4:AC4))=0,"",AB4/(SUM(V4:AC4))),"") | AC31: =IFERROR(IF(AC4/(SUM(V4:AC4))=0,"",AC4/(SUM(V4:AC4))),"")
A32: Titânio IV | B32: =IFERROR(IF(B5/(SUM(B5:I5))=0,"",B5/(SUM(B5:I5))),"") -> 0.2 | C32: =IFERROR(IF(C5/(SUM(B5:I5))=0,"",C5/(SUM(B5:I5))),"") -> 0.6 | D32: =IFERROR(IF(D5/(SUM(B5:I5))=0,"",D5/(SUM(B5:I5))),"") | E32: =IFERROR(IF(E5/(SUM(B5:I5))=0,"",E5/(SUM(B5:I5))),"") | F32: =IFERROR(IF(F5/(SUM(B5:I5))=0,"",F5/(SUM(B5:I5))),"") | G32: =IFERROR(IF(G5/(SUM(B5:I5))=0,"",G5/(SUM(B5:I5))),"") | H32: =IFERROR(IF(H5/(SUM(B5:I5))=0,"",H5/(SUM(B5:I5))),"") -> 0.2 | I32: =IFERROR(IF(I5/(SUM(B5:I5))=0,"",I5/(SUM(B5:I5))),"") | K32: Titânio IV | L32: =IFERROR(IF(L5/(SUM(L5:S5))=0,"",L5/(SUM(L5:S5))),"") | M32: =IFERROR(IF(M5/(SUM(L5:S5))=0,"",M5/(SUM(L5:S5))),"") | N32: =IFERROR(IF(N5/(SUM(L5:S5))=0,"",N5/(SUM(L5:S5))),"") | O32: =IFERROR(IF(O5/(SUM(L5:S5))=0,"",O5/(SUM(L5:S5))),"") -> 0.4 | P32: =IFERROR(IF(P5/(SUM(L5:S5))=0,"",P5/(SUM(L5:S5))),"") -> 0.4 | Q32: =IFERROR(IF(Q5/(SUM(L5:S5))=0,"",Q5/(SUM(L5:S5))),"") | R32: =IFERROR(IF(R5/(SUM(L5:S5))=0,"",R5/(SUM(L5:S5))),"") | S32: =IFERROR(IF(S5/(SUM(L5:S5))=0,"",S5/(SUM(L5:S5))),"") -> 0.2 | U32: Titânio IV | V32: =IFERROR(IF(V5/(SUM(V5:AC5))=0,"",V5/(SUM(V5:AC5))),"") | W32: =IFERROR(IF(W5/(SUM(V5:AC5))=0,"",W5/(SUM(V5:AC5))),"") -> 0.25 | X32: =IFERROR(IF(X5/(SUM(V5:AC5))=0,"",X5/(SUM(V5:AC5))),"") | Y32: =IFERROR(IF(Y5/(SUM(V5:AC5))=0,"",Y5/(SUM(V5:AC5))),"") | Z32: =IFERROR(IF(Z5/(SUM(V5:AC5))=0,"",Z5/(SUM(V5:AC5))),"") -> 0.25 | AA32: =IFERROR(IF(AA5/(SUM(V5:AC5))=0,"",AA5/(SUM(V5:AC5))),"") -> 0.25 | AB32: =IFERROR(IF(AB5/(SUM(V5:AC5))=0,"",AB5/(SUM(V5:AC5))),"") -> 0.25 | AC32: =IFERROR(IF(AC5/(SUM(V5:AC5))=0,"",AC5/(SUM(V5:AC5))),"")
A33: Titânio V | B33: =IFERROR(IF(B6/(SUM(B6:I6))=0,"",B6/(SUM(B6:I6))),"") | C33: =IFERROR(IF(C6/(SUM(B6:I6))=0,"",C6/(SUM(B6:I6))),"") | D33: =IFERROR(IF(D6/(SUM(B6:I6))=0,"",D6/(SUM(B6:I6))),"") | E33: =IFERROR(IF(E6/(SUM(B6:I6))=0,"",E6/(SUM(B6:I6))),"") -> 0.66666667 | F33: =IFERROR(IF(F6/(SUM(B6:I6))=0,"",F6/(SUM(B6:I6))),"") -> 0.33333333 | G33: =IFERROR(IF(G6/(SUM(B6:I6))=0,"",G6/(SUM(B6:I6))),"") | H33: =IFERROR(IF(H6/(SUM(B6:I6))=0,"",H6/(SUM(B6:I6))),"") | I33: =IFERROR(IF(I6/(SUM(B6:I6))=0,"",I6/(SUM(B6:I6))),"") | K33: Titânio V | L33: =IFERROR(IF(L6/(SUM(L6:S6))=0,"",L6/(SUM(L6:S6))),"") | M33: =IFERROR(IF(M6/(SUM(L6:S6))=0,"",M6/(SUM(L6:S6))),"") | N33: =IFERROR(IF(N6/(SUM(L6:S6))=0,"",N6/(SUM(L6:S6))),"") -> 0.14285714 | O33: =IFERROR(IF(O6/(SUM(L6:S6))=0,"",O6/(SUM(L6:S6))),"") -> 0.28571429 | P33: =IFERROR(IF(P6/(SUM(L6:S6))=0,"",P6/(SUM(L6:S6))),"") | Q33: =IFERROR(IF(Q6/(SUM(L6:S6))=0,"",Q6/(SUM(L6:S6))),"") -> 0.57142857 | R33: =IFERROR(IF(R6/(SUM(L6:S6))=0,"",R6/(SUM(L6:S6))),"") | S33: =IFERROR(IF(S6/(SUM(L6:S6))=0,"",S6/(SUM(L6:S6))),"") | U33: Titânio V | V33: =IFERROR(IF(V6/(SUM(V6:AC6))=0,"",V6/(SUM(V6:AC6))),"") | W33: =IFERROR(IF(W6/(SUM(V6:AC6))=0,"",W6/(SUM(V6:AC6))),"") | X33: =IFERROR(IF(X6/(SUM(V6:AC6))=0,"",X6/(SUM(V6:AC6))),"") -> 0.4 | Y33: =IFERROR(IF(Y6/(SUM(V6:AC6))=0,"",Y6/(SUM(V6:AC6))),"") | Z33: =IFERROR(IF(Z6/(SUM(V6:AC6))=0,"",Z6/(SUM(V6:AC6))),"") -> 0.4 | AA33: =IFERROR(IF(AA6/(SUM(V6:AC6))=0,"",AA6/(SUM(V6:AC6))),"") | AB33: =IFERROR(IF(AB6/(SUM(V6:AC6))=0,"",AB6/(SUM(V6:AC6))),"") | AC33: =IFERROR(IF(AC6/(SUM(V6:AC6))=0,"",AC6/(SUM(V6:AC6))),"") -> 0.2
A34: Estrelar I | B34: =IFERROR(IF(B7/(SUM(B7:I7))=0,"",B7/(SUM(B7:I7))),"") -> 0.33333333 | C34: =IFERROR(IF(C7/(SUM(B7:I7))=0,"",C7/(SUM(B7:I7))),"") | D34: =IFERROR(IF(D7/(SUM(B7:I7))=0,"",D7/(SUM(B7:I7))),"") | E34: =IFERROR(IF(E7/(SUM(B7:I7))=0,"",E7/(SUM(B7:I7))),"") -> 0.66666667 | F34: =IFERROR(IF(F7/(SUM(B7:I7))=0,"",F7/(SUM(B7:I7))),"") | G34: =IFERROR(IF(G7/(SUM(B7:I7))=0,"",G7/(SUM(B7:I7))),"") | H34: =IFERROR(IF(H7/(SUM(B7:I7))=0,"",H7/(SUM(B7:I7))),"") | I34: =IFERROR(IF(I7/(SUM(B7:I7))=0,"",I7/(SUM(B7:I7))),"") | K34: Estrelar I | L34: =IFERROR(IF(L7/(SUM(L7:S7))=0,"",L7/(SUM(L7:S7))),"") | M34: =IFERROR(IF(M7/(SUM(L7:S7))=0,"",M7/(SUM(L7:S7))),"") | N34: =IFERROR(IF(N7/(SUM(L7:S7))=0,"",N7/(SUM(L7:S7))),"") -> 0.25 | O34: =IFERROR(IF(O7/(SUM(L7:S7))=0,"",O7/(SUM(L7:S7))),"") | P34: =IFERROR(IF(P7/(SUM(L7:S7))=0,"",P7/(SUM(L7:S7))),"") -> 0.75 | Q34: =IFERROR(IF(Q7/(SUM(L7:S7))=0,"",Q7/(SUM(L7:S7))),"") | R34: =IFERROR(IF(R7/(SUM(L7:S7))=0,"",R7/(SUM(L7:S7))),"") | S34: =IFERROR(IF(S7/(SUM(L7:S7))=0,"",S7/(SUM(L7:S7))),"") | U34: Estrelar I | V34: =IFERROR(IF(V7/(SUM(V7:AC7))=0,"",V7/(SUM(V7:AC7))),"") | W34: =IFERROR(IF(W7/(SUM(V7:AC7))=0,"",W7/(SUM(V7:AC7))),"") -> 1 | X34: =IFERROR(IF(X7/(SUM(V7:AC7))=0,"",X7/(SUM(V7:AC7))),"") | Y34: =IFERROR(IF(Y7/(SUM(V7:AC7))=0,"",Y7/(SUM(V7:AC7))),"") | Z34: =IFERROR(IF(Z7/(SUM(V7:AC7))=0,"",Z7/(SUM(V7:AC7))),"") | AA34: =IFERROR(IF(AA7/(SUM(V7:AC7))=0,"",AA7/(SUM(V7:AC7))),"") | AB34: =IFERROR(IF(AB7/(SUM(V7:AC7))=0,"",AB7/(SUM(V7:AC7))),"") | AC34: =IFERROR(IF(AC7/(SUM(V7:AC7))=0,"",AC7/(SUM(V7:AC7))),"")
A35: Estrelar II | B35: =IFERROR(IF(B8/(SUM(B8:I8))=0,"",B8/(SUM(B8:I8))),"") | C35: =IFERROR(IF(C8/(SUM(B8:I8))=0,"",C8/(SUM(B8:I8))),"") | D35: =IFERROR(IF(D8/(SUM(B8:I8))=0,"",D8/(SUM(B8:I8))),"") | E35: =IFERROR(IF(E8/(SUM(B8:I8))=0,"",E8/(SUM(B8:I8))),"") -> 0.5 | F35: =IFERROR(IF(F8/(SUM(B8:I8))=0,"",F8/(SUM(B8:I8))),"") | G35: =IFERROR(IF(G8/(SUM(B8:I8))=0,"",G8/(SUM(B8:I8))),"") -> 0.5 | H35: =IFERROR(IF(H8/(SUM(B8:I8))=0,"",H8/(SUM(B8:I8))),"") | I35: =IFERROR(IF(I8/(SUM(B8:I8))=0,"",I8/(SUM(B8:I8))),"") | K35: Estrelar II | L35: =IFERROR(IF(L8/(SUM(L8:S8))=0,"",L8/(SUM(L8:S8))),"") | M35: =IFERROR(IF(M8/(SUM(L8:S8))=0,"",M8/(SUM(L8:S8))),"") | N35: =IFERROR(IF(N8/(SUM(L8:S8))=0,"",N8/(SUM(L8:S8))),"") | O35: =IFERROR(IF(O8/(SUM(L8:S8))=0,"",O8/(SUM(L8:S8))),"") | P35: =IFERROR(IF(P8/(SUM(L8:S8))=0,"",P8/(SUM(L8:S8))),"") -> 1 | Q35: =IFERROR(IF(Q8/(SUM(L8:S8))=0,"",Q8/(SUM(L8:S8))),"") | R35: =IFERROR(IF(R8/(SUM(L8:S8))=0,"",R8/(SUM(L8:S8))),"") | S35: =IFERROR(IF(S8/(SUM(L8:S8))=0,"",S8/(SUM(L8:S8))),"") | U35: Estrelar II | V35: =IFERROR(IF(V8/(SUM(V8:AC8))=0,"",V8/(SUM(V8:AC8))),"") | W35: =IFERROR(IF(W8/(SUM(V8:AC8))=0,"",W8/(SUM(V8:AC8))),"") | X35: =IFERROR(IF(X8/(SUM(V8:AC8))=0,"",X8/(SUM(V8:AC8))),"") | Y35: =IFERROR(IF(Y8/(SUM(V8:AC8))=0,"",Y8/(SUM(V8:AC8))),"") | Z35: =IFERROR(IF(Z8/(SUM(V8:AC8))=0,"",Z8/(SUM(V8:AC8))),"") | AA35: =IFERROR(IF(AA8/(SUM(V8:AC8))=0,"",AA8/(SUM(V8:AC8))),"") -> 1 | AB35: =IFERROR(IF(AB8/(SUM(V8:AC8))=0,"",AB8/(SUM(V8:AC8))),"") | AC35: =IFERROR(IF(AC8/(SUM(V8:AC8))=0,"",AC8/(SUM(V8:AC8))),"")
A36: Estrelar III | B36: =IFERROR(IF(B9/(SUM(B9:I9))=0,"",B9/(SUM(B9:I9))),"") | C36: =IFERROR(IF(C9/(SUM(B9:I9))=0,"",C9/(SUM(B9:I9))),"") | D36: =IFERROR(IF(D9/(SUM(B9:I9))=0,"",D9/(SUM(B9:I9))),"") -> 1 | E36: =IFERROR(IF(E9/(SUM(B9:I9))=0,"",E9/(SUM(B9:I9))),"") | F36: =IFERROR(IF(F9/(SUM(B9:I9))=0,"",F9/(SUM(B9:I9))),"") | G36: =IFERROR(IF(G9/(SUM(B9:I9))=0,"",G9/(SUM(B9:I9))),"") | H36: =IFERROR(IF(H9/(SUM(B9:I9))=0,"",H9/(SUM(B9:I9))),"") | I36: =IFERROR(IF(I9/(SUM(B9:I9))=0,"",I9/(SUM(B9:I9))),"") | K36: Estrelar III | L36: =IFERROR(IF(L9/(SUM(L9:S9))=0,"",L9/(SUM(L9:S9))),"") | M36: =IFERROR(IF(M9/(SUM(L9:S9))=0,"",M9/(SUM(L9:S9))),"") | N36: =IFERROR(IF(N9/(SUM(L9:S9))=0,"",N9/(SUM(L9:S9))),"") | O36: =IFERROR(IF(O9/(SUM(L9:S9))=0,"",O9/(SUM(L9:S9))),"") | P36: =IFERROR(IF(P9/(SUM(L9:S9))=0,"",P9/(SUM(L9:S9))),"") | Q36: =IFERROR(IF(Q9/(SUM(L9:S9))=0,"",Q9/(SUM(L9:S9))),"") -> 1 | R36: =IFERROR(IF(R9/(SUM(L9:S9))=0,"",R9/(SUM(L9:S9))),"") | S36: =IFERROR(IF(S9/(SUM(L9:S9))=0,"",S9/(SUM(L9:S9))),"") | U36: Estrelar III | V36: =IFERROR(IF(V9/(SUM(V9:AC9))=0,"",V9/(SUM(V9:AC9))),"") | W36: =IFERROR(IF(W9/(SUM(V9:AC9))=0,"",W9/(SUM(V9:AC9))),"") | X36: =IFERROR(IF(X9/(SUM(V9:AC9))=0,"",X9/(SUM(V9:AC9))),"") | Y36: =IFERROR(IF(Y9/(SUM(V9:AC9))=0,"",Y9/(SUM(V9:AC9))),"") | Z36: =IFERROR(IF(Z9/(SUM(V9:AC9))=0,"",Z9/(SUM(V9:AC9))),"") | AA36: =IFERROR(IF(AA9/(SUM(V9:AC9))=0,"",AA9/(SUM(V9:AC9))),"") | AB36: =IFERROR(IF(AB9/(SUM(V9:AC9))=0,"",AB9/(SUM(V9:AC9))),"") | AC36: =IFERROR(IF(AC9/(SUM(V9:AC9))=0,"",AC9/(SUM(V9:AC9))),"")
A37: Estrelar IV | B37: =IFERROR(IF(B10/(SUM(B10:I10))=0,"",B10/(SUM(B10:I10))),"") -> 0.33333333 | C37: =IFERROR(IF(C10/(SUM(B10:I10))=0,"",C10/(SUM(B10:I10))),"") | D37: =IFERROR(IF(D10/(SUM(B10:I10))=0,"",D10/(SUM(B10:I10))),"") -> 0.33333333 | E37: =IFERROR(IF(E10/(SUM(B10:I10))=0,"",E10/(SUM(B10:I10))),"") | F37: =IFERROR(IF(F10/(SUM(B10:I10))=0,"",F10/(SUM(B10:I10))),"") | G37: =IFERROR(IF(G10/(SUM(B10:I10))=0,"",G10/(SUM(B10:I10))),"") -> 0.33333333 | H37: =IFERROR(IF(H10/(SUM(B10:I10))=0,"",H10/(SUM(B10:I10))),"") | I37: =IFERROR(IF(I10/(SUM(B10:I10))=0,"",I10/(SUM(B10:I10))),"") | K37: Estrelar IV | L37: =IFERROR(IF(L10/(SUM(L10:S10))=0,"",L10/(SUM(L10:S10))),"") -> 0.25 | M37: =IFERROR(IF(M10/(SUM(L10:S10))=0,"",M10/(SUM(L10:S10))),"") -> 0.25 | N37: =IFERROR(IF(N10/(SUM(L10:S10))=0,"",N10/(SUM(L10:S10))),"") | O37: =IFERROR(IF(O10/(SUM(L10:S10))=0,"",O10/(SUM(L10:S10))),"") | P37: =IFERROR(IF(P10/(SUM(L10:S10))=0,"",P10/(SUM(L10:S10))),"") | Q37: =IFERROR(IF(Q10/(SUM(L10:S10))=0,"",Q10/(SUM(L10:S10))),"") -> 0.25 | R37: =IFERROR(IF(R10/(SUM(L10:S10))=0,"",R10/(SUM(L10:S10))),"") | S37: =IFERROR(IF(S10/(SUM(L10:S10))=0,"",S10/(SUM(L10:S10))),"") -> 0.25 | U37: Estrelar IV | V37: =IFERROR(IF(V10/(SUM(V10:AC10))=0,"",V10/(SUM(V10:AC10))),"") | W37: =IFERROR(IF(W10/(SUM(V10:AC10))=0,"",W10/(SUM(V10:AC10))),"") | X37: =IFERROR(IF(X10/(SUM(V10:AC10))=0,"",X10/(SUM(V10:AC10))),"") | Y37: =IFERROR(IF(Y10/(SUM(V10:AC10))=0,"",Y10/(SUM(V10:AC10))),"") -> 0.33333333 | Z37: =IFERROR(IF(Z10/(SUM(V10:AC10))=0,"",Z10/(SUM(V10:AC10))),"") -> 0.33333333 | AA37: =IFERROR(IF(AA10/(SUM(V10:AC10))=0,"",AA10/(SUM(V10:AC10))),"") -> 0.33333333 | AB37: =IFERROR(IF(AB10/(SUM(V10:AC10))=0,"",AB10/(SUM(V10:AC10))),"") | AC37: =IFERROR(IF(AC10/(SUM(V10:AC10))=0,"",AC10/(SUM(V10:AC10))),"")
A38: Estrelar V | B38: =IFERROR(IF(B11/(SUM(B11:I11))=0,"",B11/(SUM(B11:I11))),"") | C38: =IFERROR(IF(C11/(SUM(B11:I11))=0,"",C11/(SUM(B11:I11))),"") -> 0.5 | D38: =IFERROR(IF(D11/(SUM(B11:I11))=0,"",D11/(SUM(B11:I11))),"") | E38: =IFERROR(IF(E11/(SUM(B11:I11))=0,"",E11/(SUM(B11:I11))),"") -> 0.5 | F38: =IFERROR(IF(F11/(SUM(B11:I11))=0,"",F11/(SUM(B11:I11))),"") | G38: =IFERROR(IF(G11/(SUM(B11:I11))=0,"",G11/(SUM(B11:I11))),"") | H38: =IFERROR(IF(H11/(SUM(B11:I11))=0,"",H11/(SUM(B11:I11))),"") | I38: =IFERROR(IF(I11/(SUM(B11:I11))=0,"",I11/(SUM(B11:I11))),"") | K38: Estrelar V | L38: =IFERROR(IF(L11/(SUM(L11:S11))=0,"",L11/(SUM(L11:S11))),"") | M38: =IFERROR(IF(M11/(SUM(L11:S11))=0,"",M11/(SUM(L11:S11))),"") -> 0.5 | N38: =IFERROR(IF(N11/(SUM(L11:S11))=0,"",N11/(SUM(L11:S11))),"") | O38: =IFERROR(IF(O11/(SUM(L11:S11))=0,"",O11/(SUM(L11:S11))),"") | P38: =IFERROR(IF(P11/(SUM(L11:S11))=0,"",P11/(SUM(L11:S11))),"") | Q38: =IFERROR(IF(Q11/(SUM(L11:S11))=0,"",Q11/(SUM(L11:S11))),"") -> 0.5 | R38: =IFERROR(IF(R11/(SUM(L11:S11))=0,"",R11/(SUM(L11:S11))),"") | S38: =IFERROR(IF(S11/(SUM(L11:S11))=0,"",S11/(SUM(L11:S11))),"") | U38: Estrelar V | V38: =IFERROR(IF(V11/(SUM(V11:AC11))=0,"",V11/(SUM(V11:AC11))),"") | W38: =IFERROR(IF(W11/(SUM(V11:AC11))=0,"",W11/(SUM(V11:AC11))),"") | X38: =IFERROR(IF(X11/(SUM(V11:AC11))=0,"",X11/(SUM(V11:AC11))),"") | Y38: =IFERROR(IF(Y11/(SUM(V11:AC11))=0,"",Y11/(SUM(V11:AC11))),"") -> 1 | Z38: =IFERROR(IF(Z11/(SUM(V11:AC11))=0,"",Z11/(SUM(V11:AC11))),"") | AA38: =IFERROR(IF(AA11/(SUM(V11:AC11))=0,"",AA11/(SUM(V11:AC11))),"") | AB38: =IFERROR(IF(AB11/(SUM(V11:AC11))=0,"",AB11/(SUM(V11:AC11))),"") | AC38: =IFERROR(IF(AC11/(SUM(V11:AC11))=0,"",AC11/(SUM(V11:AC11))),"")
A39: Sacrifício I | B39: =IFERROR(IF(B12/(SUM(B12:I12))=0,"",B12/(SUM(B12:I12))),"") | C39: =IFERROR(IF(C12/(SUM(B12:I12))=0,"",C12/(SUM(B12:I12))),"") -> 0.33333333 | D39: =IFERROR(IF(D12/(SUM(B12:I12))=0,"",D12/(SUM(B12:I12))),"") -> 0.33333333 | E39: =IFERROR(IF(E12/(SUM(B12:I12))=0,"",E12/(SUM(B12:I12))),"") | F39: =IFERROR(IF(F12/(SUM(B12:I12))=0,"",F12/(SUM(B12:I12))),"") -> 0.33333333 | G39: =IFERROR(IF(G12/(SUM(B12:I12))=0,"",G12/(SUM(B12:I12))),"") | H39: =IFERROR(IF(H12/(SUM(B12:I12))=0,"",H12/(SUM(B12:I12))),"") | I39: =IFERROR(IF(I12/(SUM(B12:I12))=0,"",I12/(SUM(B12:I12))),"") | K39: Sacrifício I | L39: =IFERROR(IF(L12/(SUM(L12:S12))=0,"",L12/(SUM(L12:S12))),"") | M39: =IFERROR(IF(M12/(SUM(L12:S12))=0,"",M12/(SUM(L12:S12))),"") | N39: =IFERROR(IF(N12/(SUM(L12:S12))=0,"",N12/(SUM(L12:S12))),"") -> 1 | O39: =IFERROR(IF(O12/(SUM(L12:S12))=0,"",O12/(SUM(L12:S12))),"") | P39: =IFERROR(IF(P12/(SUM(L12:S12))=0,"",P12/(SUM(L12:S12))),"") | Q39: =IFERROR(IF(Q12/(SUM(L12:S12))=0,"",Q12/(SUM(L12:S12))),"") | R39: =IFERROR(IF(R12/(SUM(L12:S12))=0,"",R12/(SUM(L12:S12))),"") | S39: =IFERROR(IF(S12/(SUM(L12:S12))=0,"",S12/(SUM(L12:S12))),"") | U39: Sacrifício I | V39: =IFERROR(IF(V12/(SUM(V12:AC12))=0,"",V12/(SUM(V12:AC12))),"") | W39: =IFERROR(IF(W12/(SUM(V12:AC12))=0,"",W12/(SUM(V12:AC12))),"") | X39: =IFERROR(IF(X12/(SUM(V12:AC12))=0,"",X12/(SUM(V12:AC12))),"") | Y39: =IFERROR(IF(Y12/(SUM(V12:AC12))=0,"",Y12/(SUM(V12:AC12))),"") -> 0.5 | Z39: =IFERROR(IF(Z12/(SUM(V12:AC12))=0,"",Z12/(SUM(V12:AC12))),"") -> 0.5 | AA39: =IFERROR(IF(AA12/(SUM(V12:AC12))=0,"",AA12/(SUM(V12:AC12))),"") | AB39: =IFERROR(IF(AB12/(SUM(V12:AC12))=0,"",AB12/(SUM(V12:AC12))),"") | AC39: =IFERROR(IF(AC12/(SUM(V12:AC12))=0,"",AC12/(SUM(V12:AC12))),"")
A40: Sacrifício II | B40: =IFERROR(IF(B13/(SUM(B13:I13))=0,"",B13/(SUM(B13:I13))),"") -> 0.66666667 | C40: =IFERROR(IF(C13/(SUM(B13:I13))=0,"",C13/(SUM(B13:I13))),"") | D40: =IFERROR(IF(D13/(SUM(B13:I13))=0,"",D13/(SUM(B13:I13))),"") | E40: =IFERROR(IF(E13/(SUM(B13:I13))=0,"",E13/(SUM(B13:I13))),"") | F40: =IFERROR(IF(F13/(SUM(B13:I13))=0,"",F13/(SUM(B13:I13))),"") | G40: =IFERROR(IF(G13/(SUM(B13:I13))=0,"",G13/(SUM(B13:I13))),"") -> 0.33333333 | H40: =IFERROR(IF(H13/(SUM(B13:I13))=0,"",H13/(SUM(B13:I13))),"") | I40: =IFERROR(IF(I13/(SUM(B13:I13))=0,"",I13/(SUM(B13:I13))),"") | K40: Sacrifício II | L40: =IFERROR(IF(L13/(SUM(L13:S13))=0,"",L13/(SUM(L13:S13))),"") | M40: =IFERROR(IF(M13/(SUM(L13:S13))=0,"",M13/(SUM(L13:S13))),"") | N40: =IFERROR(IF(N13/(SUM(L13:S13))=0,"",N13/(SUM(L13:S13))),"") -> 0.25 | O40: =IFERROR(IF(O13/(SUM(L13:S13))=0,"",O13/(SUM(L13:S13))),"") | P40: =IFERROR(IF(P13/(SUM(L13:S13))=0,"",P13/(SUM(L13:S13))),"") | Q40: =IFERROR(IF(Q13/(SUM(L13:S13))=0,"",Q13/(SUM(L13:S13))),"") -> 0.5 | R40: =IFERROR(IF(R13/(SUM(L13:S13))=0,"",R13/(SUM(L13:S13))),"") | S40: =IFERROR(IF(S13/(SUM(L13:S13))=0,"",S13/(SUM(L13:S13))),"") -> 0.25 | U40: Sacrifício II | V40: =IFERROR(IF(V13/(SUM(V13:AC13))=0,"",V13/(SUM(V13:AC13))),"") | W40: =IFERROR(IF(W13/(SUM(V13:AC13))=0,"",W13/(SUM(V13:AC13))),"") -> 0.5 | X40: =IFERROR(IF(X13/(SUM(V13:AC13))=0,"",X13/(SUM(V13:AC13))),"") | Y40: =IFERROR(IF(Y13/(SUM(V13:AC13))=0,"",Y13/(SUM(V13:AC13))),"") | Z40: =IFERROR(IF(Z13/(SUM(V13:AC13))=0,"",Z13/(SUM(V13:AC13))),"") -> 0.5 | AA40: =IFERROR(IF(AA13/(SUM(V13:AC13))=0,"",AA13/(SUM(V13:AC13))),"") | AB40: =IFERROR(IF(AB13/(SUM(V13:AC13))=0,"",AB13/(SUM(V13:AC13))),"") | AC40: =IFERROR(IF(AC13/(SUM(V13:AC13))=0,"",AC13/(SUM(V13:AC13))),"")
... A53: Azrael V | B53: =IFERROR(IF(B26/(SUM(B26:I26))=0,"",B26/(SUM(B26:I26))),"") | C53: =IFERROR(IF(C26/(SUM(B26:I26))=0,"",C26/(SUM(B26:I26))),"") | D53: =IFERROR(IF(D26/(SUM(B26:I26))=0,"",D26/(SUM(B26:I26))),"") -> 0.25 | E53: =IFERROR(IF(E26/(SUM(B26:I26))=0,"",E26/(SUM(B26:I26))),"") | F53: =IFERROR(IF(F26/(SUM(B26:I26))=0,"",F26/(SUM(B26:I26))),"") -> 0.5 | G53: =IFERROR(IF(G26/(SUM(B26:I26))=0,"",G26/(SUM(B26:I26))),"") -> 0.25 | H53: =IFERROR(IF(H26/(SUM(B26:I26))=0,"",H26/(SUM(B26:I26))),"") | I53: =IFERROR(IF(I26/(SUM(B26:I26))=0,"",I26/(SUM(B26:I26))),"") | K53: Azrael V | L53: =IFERROR(IF(L26/(SUM(L26:S26))=0,"",L26/(SUM(L26:S26))),"") | M53: =IFERROR(IF(M26/(SUM(L26:S26))=0,"",M26/(SUM(L26:S26))),"") | N53: =IFERROR(IF(N26/(SUM(L26:S26))=0,"",N26/(SUM(L26:S26))),"") -> 0.28571429 | O53: =IFERROR(IF(O26/(SUM(L26:S26))=0,"",O26/(SUM(L26:S26))),"") | P53: =IFERROR(IF(P26/(SUM(L26:S26))=0,"",P26/(SUM(L26:S26))),"") -> 0.14285714 | Q53: =IFERROR(IF(Q26/(SUM(L26:S26))=0,"",Q26/(SUM(L26:S26))),"") -> 0.42857143 | R53: =IFERROR(IF(R26/(SUM(L26:S26))=0,"",R26/(SUM(L26:S26))),"") -> 0.14285714 | S53: =IFERROR(IF(S26/(SUM(L26:S26))=0,"",S26/(SUM(L26:S26))),"") | U53: Azrael V | V53: =IFERROR(IF(V26/(SUM(V26:AC26))=0,"",V26/(SUM(V26:AC26))),"") | W53: =IFERROR(IF(W26/(SUM(V26:AC26))=0,"",W26/(SUM(V26:AC26))),"") | X53: =IFERROR(IF(X26/(SUM(V26:AC26))=0,"",X26/(SUM(V26:AC26))),"") -> 0.33333333 | Y53: =IFERROR(IF(Y26/(SUM(V26:AC26))=0,"",Y26/(SUM(V26:AC26))),"") -> 0.66666667 | Z53: =IFERROR(IF(Z26/(SUM(V26:AC26))=0,"",Z26/(SUM(V26:AC26))),"") | AA53: =IFERROR(IF(AA26/(SUM(V26:AC26))=0,"",AA26/(SUM(V26:AC26))),"") | AB53: =IFERROR(IF(AB26/(SUM(V26:AC26))=0,"",AB26/(SUM(V26:AC26))),"") | AC53: =IFERROR(IF(AC26/(SUM(V26:AC26))=0,"",AC26/(SUM(V26:AC26))),"")

Sheet TABELA POR HORA
A1: HORA | C1: 0 | D1: 1 | E1: 2 | F1: 3 | G1: 4 | H1: 5 | I1: 6 | J1: 7
C2: 8 | D2: 9 | E2: 10 | F2: 11 | G2: 12 | H2: 13 | I2: 14 | J2: 15
C3: 16 | D3: 17 | E3: 18 | F3: 19 | G3: 20 | H3: 21 | I3: 22 | J3: 23
B5: COLAR | C5: CHEFE | D5: ETERNID | E5: MARTE | F5: FINALID | G5: ORIGEM | H5: PILAR | I5: TROVÃO | J5: HO-OH | L5: CAMISA | M5: CHEFE | N5: ETERNID | O5: MARTE | P5: FINALID | Q5: ORIGEM | R5: PILAR | S5: TROVÃO | T5: HO-OH | V5: BOTA | W5: CHEFE | X5: ETERNID | Y5: MARTE | Z5: FINALID | AA5: ORIGEM | AB5: PILAR | AC5: TROVÃO | AD5: HO-OH
B6: Titânio I | C6: =COUNTIFS(COLAR!$B:$B,'TABELA POR HORA'!C5,COLAR!$C:$C,C31) -> 0 | D6: =COUNTIFS(COLAR!$B:$B,'TABELA POR HORA'!D5,COLAR!$C:$C,C31) -> 0 | E6: =COUNTIFS(COLAR!$B:$B,'TABELA POR HORA'!E5,COLAR!$C:$C,C31) -> 0 | F6: =COUNTIFS(COLAR!$B:$B,'TABELA POR HORA'!F5,COLAR!$C:$C,C31) -> 0 | G6: =COUNTIFS(COLAR!$B:$B,'TABELA POR HORA'!G5,COLAR!$C:$C,C31) -> 0 | H6: =COUNTIFS(COLAR!$B:$B,'TABELA POR HORA'!H5,COLAR!$C:$C,C31) -> 0 | I6: =COUNTIFS(COLAR!$B:$B,'TABELA POR HORA'!I5,COLAR!$C:$C,C31) -> 0 | J6: =COUNTIFS(COLAR!$B:$B,'TABELA POR HORA'!J5,COLAR!$C:$C,C31) -> 0 | L6: Titânio I | M6: =COUNTIFS(CAMISA!$B:$B,'TABELA POR HORA'!M5,CAMISA!$C:$C,C31) -> 0 | N6: =COUNTIFS(CAMISA!$B:$B,'TABELA POR HORA'!N5,CAMISA!$C:$C,C31) -> 0 | O6: =COUNTIFS(CAMISA!$B:$B,'TABELA POR HORA'!O5,CAMISA!$C:$C,C31) -> 0 | P6: =COUNTIFS(CAMISA!$B:$B,'TABELA POR HORA'!P5,CAMISA!$C:$C,C31) -> 0 | Q6: =COUNTIFS(CAMISA!$B:$B,'TABELA POR HORA'!Q5,CAMISA!$C:$C,C31) -> 0 | R6: =COUNTIFS(CAMISA!$B:$B,'TABELA POR HORA'!R5,CAMISA!$C:$C,C31) -> 0 | S6: =COUNTIFS(CAMISA!$B:$B,'TABELA POR HORA'!S5,CAMISA!$C:$C,C31) -> 0 | T6: =COUNTIFS(CAMISA!$B:$B,'TABELA POR HORA'!T5,CAMISA!$C:$C,C31) -> 0 | V6: Titânio I | W6: =COUNTIFS(BOTA!$B:$B,'TABELA POR HORA'!W5,BOTA!$C:$C,C31) -> 0 | X6: =COUNTIFS(BOTA!$B:$B,'TABELA POR HORA'!X5,BOTA!$C:$C,C31) -> 0 | Y6: =COUNTIFS(BOTA!$B:$B,'TABELA POR HORA'!Y5,BOTA!$C:$C,C31) -> 0 | Z6: =COUNTIFS(BOTA!$B:$B,'TABELA POR HORA'!Z5,BOTA!$C:$C,C31) -> 0 | AA6: =COUNTIFS(BOTA!$B:$B,'TABELA POR HORA'!AA5,BOTA!$C:$C,C31) -> 0 | AB6: =COUNTIFS(BOTA!$B:$B,'TABELA POR HORA'!AB5,BOTA!$C:$C,C31) -> 0 | AC6: =COUNTIFS(BOTA!$B:$B,'TABELA POR HORA'!AC5,BOTA!$C:$C,C31) -> 0 | AD6: =COUNTIFS(BOTA!$B:$B,'TABELA POR HORA'!AD5,BOTA!$C:$C,C31) -> 0
B7: Titânio II | C7: =COUNTIFS(COLAR!$D:$D,'TABELA POR HORA'!C5,COLAR!$E:$E,C31) -> 0 | D7: =COUNTIFS(COLAR!$D:$D,'TABELA POR HORA'!D5,COLAR!$E:$E,C31) -> 0 | E7: =COUNTIFS(COLAR!$D:$D,'TABELA POR HORA'!E5,COLAR!$E:$E,C31) -> 0 | F7: =COUNTIFS(COLAR!$D:$D,'TABELA POR HORA'!F5,COLAR!$E:$E,C31) -> 0 | G7: =COUNTIFS(COLAR!$D:$D,'TABELA POR HORA'!G5,COLAR!$E:$E,C31) -> 0 | H7: =COUNTIFS(COLAR!$D:$D,'TABELA POR HORA'!H5,COLAR!$E:$E,C31) -> 0 | I7: =COUNTIFS(COLAR!$D:$D,'TABELA POR HORA'!I5,COLAR!$E:$E,C31) -> 0 | J7: =COUNTIFS(COLAR!$D:$D,'TABELA POR HORA'!J5,COLAR!$E:$E,C31) -> 0 | L7: Titânio II | M7: =COUNTIFS(CAMISA!$D:$D,'TABELA POR HORA'!M5,CAMISA!$E:$E,C31) -> 0 | N7: =COUNTIFS(CAMISA!$D:$D,'TABELA POR HORA'!N5,CAMISA!$E:$E,C31) -> 0 | O7: =COUNTIFS(CAMISA!$D:$D,'TABELA POR HORA'!O5,CAMISA!$E:$E,C31) -> 0 | P7: =COUNTIFS(CAMISA!$D:$D,'TABELA POR HORA'!P5,CAMISA!$E:$E,C31) -> 0 | Q7: =COUNTIFS(CAMISA!$D:$D,'TABELA POR HORA'!Q5,CAMISA!$E:$E,C31) -> 0 | R7: =COUNTIFS(CAMISA!$D:$D,'TABELA POR HORA'!R5,CAMISA!$E:$E,C31) -> 0 | S7: =COUNTIFS(CAMISA!$D:$D,'TABELA POR HORA'!S5,CAMISA!$E:$E,C31) -> 0 | T7: =COUNTIFS(CAMISA!$D:$D,'TABELA POR HORA'!T5,CAMISA!$E:$E,C31) -> 0 | V7: Titânio II | W7: =COUNTIFS(BOTA!$D:$D,'TABELA POR HORA'!W5,BOTA!$E:$E,C31) -> 0 | X7: =COUNTIFS(BOTA!$D:$D,'TABELA POR HORA'!X5,BOTA!$E:$E,C31) -> 0 | Y7: =COUNTIFS(BOTA!$D:$D,'TABELA POR HORA'!Y5,BOTA!$E:$E,C31) -> 0 | Z7: =COUNTIFS(BOTA!$D:$D,'TABELA POR HORA'!Z5,BOTA!$E:$E,C31) -> 0 | AA7: =COUNTIFS(BOTA!$D:$D,'TABELA POR HORA'!AA5,BOTA!$E:$E,C31) -> 0 | AB7: =COUNTIFS(BOTA!$D:$D,'TABELA POR HORA'!AB5,BOTA!$E:$E,C31) -> 0 | AC7: =COUNTIFS(BOTA!$D:$D,'TABELA POR HORA'!AC5,BOTA!$E:$E,C31) -> 0 | AD7: =COUNTIFS(BOTA!$D:$D,'TABELA POR HORA'!AD5,BOTA!$E:$E,C31) -> 0
B8: Titânio III | C8: =COUNTIFS(COLAR!$F:$F,'TABELA POR HORA'!C5,COLAR!$G:$G,C31) -> 0 | D8: =COUNTIFS(COLAR!$F:$F,'TABELA POR HORA'!D5,COLAR!$G:$G,C31) -> 0 | E8: =COUNTIFS(COLAR!$F:$F,'TABELA POR HORA'!E5,COLAR!$G:$G,C31) -> 0 | F8: =COUNTIFS(COLAR!$F:$F,'TABELA POR HORA'!F5,COLAR!$G:$G,C31) -> 0 | G8: =COUNTIFS(COLAR!$F:$F,'TABELA POR HORA'!G5,COLAR!$G:$G,C31) -> 0 | H8: =COUNTIFS(COLAR!$F:$F,'TABELA POR HORA'!H5,COLAR!$G:$G,C31) -> 0 | I8: =COUNTIFS(COLAR!$F:$F,'TABELA POR HORA'!I5,COLAR!$G:$G,C31) -> 0 | J8: =COUNTIFS(COLAR!$F:$F,'TABELA POR HORA'!J5,COLAR!$G:$G,C31) -> 0 | L8: Titânio III | M8: =COUNTIFS(CAMISA!$F:$F,'TABELA POR HORA'!M5,CAMISA!$G:$G,C31) -> 0 | N8: =COUNTIFS(CAMISA!$F:$F,'TABELA POR HORA'!N5,CAMISA!$G:$G,C31) -> 0 | O8: =COUNTIFS(CAMISA!$F:$F,'TABELA POR HORA'!O5,CAMISA!$G:$G,C31) -> 0 | P8: =COUNTIFS(CAMISA!$F:$F,'TABELA POR HORA'!P5,CAMISA!$G:$G,C31) -> 0 | Q8: =COUNTIFS(CAMISA!$F:$F,'TABELA POR HORA'!Q5,CAMISA!$G:$G,C31) -> 0 | R8: =COUNTIFS(CAMISA!$F:$F,'TABELA POR HORA'!R5,CAMISA!$G:$G,C31) -> 0 | S8: =COUNTIFS(CAMISA!$F:$F,'TABELA POR HORA'!S5,CAMISA!$G:$G,C31) -> 0 | T8: =COUNTIFS(CAMISA!$F:$F,'TABELA POR HORA'!T5,CAMISA!$G:$G,C31) -> 0 | V8: Titânio III | W8: =COUNTIFS(BOTA!$F:$F,'TABELA POR HORA'!W5,BOTA!$G:$G,C31) -> 0 | X8: =COUNTIFS(BOTA!$F:$F,'TABELA POR HORA'!X5,BOTA!$G:$G,C31) -> 0 | Y8: =COUNTIFS(BOTA!$F:$F,'TABELA POR HORA'!Y5,BOTA!$G:$G,C31) -> 0 | Z8: =COUNTIFS(BOTA!$F:$F,'TABELA POR HORA'!Z5,BOTA!$G:$G,C31) -> 0 | AA8: =COUNTIFS(BOTA!$F:$F,'TABELA POR HORA'!AA5,BOTA!$G:$G,C31) -> 0 | AB8: =COUNTIFS(BOTA!$F:$F,'TABELA POR HORA'!AB5,BOTA!$G:$G,C31) -> 0 | AC8: =COUNTIFS(BOTA!$F:$F,'TABELA POR HORA'!AC5,BOTA!$G:$G,C31) -> 0 | AD8: =COUNTIFS(BOTA!$F:$F,'TABELA POR HORA'!AD5,BOTA!$G:$G,C31) -> 0
B9: Titânio IV | C9: =COUNTIFS(COLAR!$H:$H,'TABELA POR HORA'!C5,COLAR!$I:$I,C31) -> 0 | D9: =COUNTIFS(COLAR!$H:$H,'TABELA POR HORA'!D5,COLAR!$I:$I,C31) -> 0 | E9: =COUNTIFS(COLAR!$H:$H,'TABELA POR HORA'!E5,COLAR!$I:$I,C31) -> 0 | F9: =COUNTIFS(COLAR!$H:$H,'TABELA POR HORA'!F5,COLAR!$I:$I,C31) -> 0 | G9: =COUNTIFS(COLAR!$H:$H,'TABELA POR HORA'!G5,COLAR!$I:$I,C31) -> 0 | H9: =COUNTIFS(COLAR!$H:$H,'TABELA POR HORA'!H5,COLAR!$I:$I,C31) -> 0 | I9: =COUNTIFS(COLAR!$H:$H,'TABELA POR HORA'!I5,COLAR!$I:$I,C31) -> 0 | J9: =COUNTIFS(COLAR!$H:$H,'TABELA POR HORA'!J5,COLAR!$I:$I,C31) -> 0 | L9: Titânio IV | M9: =COUNTIFS(CAMISA!$H:$H,'TABELA POR HORA'!M5,CAMISA!$I:$I,C31) -> 0 | N9: =COUNTIFS(CAMISA!$H:$H,'TABELA POR HORA'!N5,CAMISA!$I:$I,C31) -> 0 | O9: =COUNTIFS(CAMISA!$H:$H,'TABELA POR HORA'!O5,CAMISA!$I:$I,C31) -> 0 | P9: =COUNTIFS(CAMISA!$H:$H,'TABELA POR HORA'!P5,CAMISA!$I:$I,C31) -> 1 | Q9: =COUNTIFS(CAMISA!$H:$H,'TABELA POR HORA'!Q5,CAMISA!$I:$I,C31) -> 0 | R9: =COUNTIFS(CAMISA!$H:$H,'TABELA POR HORA'!R5,CAMISA!$I:$I,C31) -> 0 | S9: =COUNTIFS(CAMISA!$H:$H,'TABELA POR HORA'!S5,CAMISA!$I:$I,C31) -> 0 | T9: =COUNTIFS(CAMISA!$H:$H,'TABELA POR HORA'!T5,CAMISA!$I:$I,C31) -> 0 | V9: Titânio IV | W9: =COUNTIFS(BOTA!$H:$H,'TABELA POR HORA'!W5,BOTA!$I:$I,C31) -> 0 | X9: =COUNTIFS(BOTA!$H:$H,'TABELA POR HORA'!X5,BOTA!$I:$I,C31) -> 0 | Y9: =COUNTIFS(BOTA!$H:$H,'TABELA POR HORA'!Y5,BOTA!$I:$I,C31) -> 0 | Z9: =COUNTIFS(BOTA!$H:$H,'TABELA POR HORA'!Z5,BOTA!$I:$I,C31) -> 0 | AA9: =COUNTIFS(BOTA!$H:$H,'TABELA POR HORA'!AA5,BOTA!$I:$I,C31) -> 0 | AB9: =COUNTIFS(BOTA!$H:$H,'TABELA POR HORA'!AB5,BOTA!$I:$I,C31) -> 0 | AC9: =COUNTIFS(BOTA!$H:$H,'TABELA POR HORA'!AC5,BOTA!$I:$I,C31) -> 0 | AD9: =COUNTIFS(BOTA!$H:$H,'TABELA POR HORA'!AD5,BOTA!$I:$I,C31) -> 0
B10: Titânio V | C10: =COUNTIFS(COLAR!$J:$J,'TABELA POR HORA'!C5,COLAR!$K:$K,C31) -> 0 | D10: =COUNTIFS(COLAR!$J:$J,'TABELA POR HORA'!D5,COLAR!$K:$K,C31) -> 0 | E10: =COUNTIFS(COLAR!$J:$J,'TABELA POR HORA'!E5,COLAR!$K:$K,C31) -> 0 | F10: =COUNTIFS(COLAR!$J:$J,'TABELA POR HORA'!F5,COLAR!$K:$K,C31) -> 0 | G10: =COUNTIFS(COLAR!$J:$J,'TABELA POR HORA'!G5,COLAR!$K:$K,C31) -> 1 | H10: =COUNTIFS(COLAR!$J:$J,'TABELA POR HORA'!H5,COLAR!$K:$K,C31) -> 0 | I10: =COUNTIFS(COLAR!$J:$J,'TABELA POR HORA'!I5,COLAR!$K:$K,C31) -> 0 | J10: =COUNTIFS(COLAR!$J:$J,'TABELA POR HORA'!J5,COLAR!$K:$K,C31) -> 0 | L10: Titânio V | M10: =COUNTIFS(CAMISA!$J:$J,'TABELA POR HORA'!M5,CAMISA!$K:$K,C31) -> 0 | N10: =COUNTIFS(CAMISA!$J:$J,'TABELA POR HORA'!N5,CAMISA!$K:$K,C31) -> 0 | O10: =COUNTIFS(CAMISA!$J:$J,'TABELA POR HORA'!O5,CAMISA!$K:$K,C31) -> 0 | P10: =COUNTIFS(CAMISA!$J:$J,'TABELA POR HORA'!P5,CAMISA!$K:$K,C31) -> 1 | Q10: =COUNTIFS(CAMISA!$J:$J,'TABELA POR HORA'!Q5,CAMISA!$K:$K,C31) -> 0 | R10: =COUNTIFS(CAMISA!$J:$J,'TABELA POR HORA'!R5,CAMISA!$K:$K,C31) -> 0 | S10: =COUNTIFS(CAMISA!$J:$J,'TABELA POR HORA'!S5,CAMISA!$K:$K,C31) -> 0 | T10: =COUNTIFS(CAMISA!$J:$J,'TABELA POR HORA'!T5,CAMISA!$K:$K,C31) -> 0 | V10: Titânio V | W10: =COUNTIFS(BOTA!$J:$J,'TABELA POR HORA'!W5,BOTA!$K:$K,C31) -> 0 | X10: =COUNTIFS(BOTA!$J:$J,'TABELA POR HORA'!X5,BOTA!$K:$K,C31) -> 0 | Y10: =COUNTIFS(BOTA!$J:$J,'TABELA POR HORA'!Y5,BOTA!$K:$K,C31) -> 1 | Z10: =COUNTIFS(BOTA!$J:$J,'TABELA POR HORA'!Z5,BOTA!$K:$K,C31) -> 0 | AA10: =COUNTIFS(BOTA!$J:$J,'TABELA POR HORA'!AA5,BOTA!$K:$K,C31) -> 0 | AB10: =COUNTIFS(BOTA!$J:$J,'TABELA POR HORA'!AB5,BOTA!$K:$K,C31) -> 0 | AC10: =COUNTIFS(BOTA!$J:$J,'TABELA POR HORA'!AC5,BOTA!$K:$K,C31) -> 0 | AD10: =COUNTIFS(BOTA!$J:$J,'TABELA POR HORA'!AD5,BOTA!$K:$K,C31) -> 0
B11: Estrelar I | C11: =COUNTIFS(COLAR!$L:$L,'TABELA POR HORA'!C5,COLAR!$M:$M,C31) -> 0 | D11: =COUNTIFS(COLAR!$L:$L,'TABELA POR HORA'!D5,COLAR!$M:$M,C31) -> 0 | E11: =COUNTIFS(COLAR!$L:$L,'TABELA POR HORA'!E5,COLAR!$M:$M,C31) -> 0 | F11: =COUNTIFS(COLAR!$L:$L,'TABELA POR HORA'!F5,COLAR!$M:$M,C31) -> 0 | G11: =COUNTIFS(COLAR!$L:$L,'TABELA POR HORA'!G5,COLAR!$M:$M,C31) -> 0 | H11: =COUNTIFS(COLAR!$L:$L,'TABELA POR HORA'!H5,COLAR!$M:$M,C31) -> 0 | I11: =COUNTIFS(COLAR!$L:$L,'TABELA POR HORA'!I5,COLAR!$M:$M,C31) -> 0 | J11: =COUNTIFS(COLAR!$L:$L,'TABELA POR HORA'!J5,COLAR!$M:$M,C31) -> 0 | L11: Estrelar I | M11: =COUNTIFS(CAMISA!$L:$L,'TABELA POR HORA'!M5,CAMISA!$M:$M,C31) -> 0 | N11: =COUNTIFS(CAMISA!$L:$L,'TABELA POR HORA'!N5,CAMISA!$M:$M,C31) -> 0 | O11: =COUNTIFS(CAMISA!$L:$L,'TABELA POR HORA'!O5,CAMISA!$M:$M,C31) -> 0 | P11: =COUNTIFS(CAMISA!$L:$L,'TABELA POR HORA'!P5,CAMISA!$M:$M,C31) -> 0 | Q11: =COUNTIFS(CAMISA!$L:$L,'TABELA POR HORA'!Q5,CAMISA!$M:$M,C31) -> 0 | R11: =COUNTIFS(CAMISA!$L:$L,'TABELA POR HORA'!R5,CAMISA!$M:$M,C31) -> 0 | S11: =COUNTIFS(CAMISA!$L:$L,'TABELA POR HORA'!S5,CAMISA!$M:$M,C31) -> 0 | T11: =COUNTIFS(CAMISA!$L:$L,'TABELA POR HORA'!T5,CAMISA!$M:$M,C31) -> 0 | V11: Estrelar I | W11: =COUNTIFS(BOTA!$L:$L,'TABELA POR HORA'!W5,BOTA!$M:$M,C31) -> 0 | X11: =COUNTIFS(BOTA!$L:$L,'TABELA POR HORA'!X5,BOTA!$M:$M,C31) -> 0 | Y11: =COUNTIFS(BOTA!$L:$L,'TABELA POR HORA'!Y5,BOTA!$M:$M,C31) -> 0 | Z11: =COUNTIFS(BOTA!$L:$L,'TABELA POR HORA'!Z5,BOTA!$M:$M,C31) -> 0 | AA11: =COUNTIFS(BOTA!$L:$L,'TABELA POR HORA'!AA5,BOTA!$M:$M,C31) -> 0 | AB11: =COUNTIFS(BOTA!$L:$L,'TABELA POR HORA'!AB5,BOTA!$M:$M,C31) -> 0 | AC11: =COUNTIFS(BOTA!$L:$L,'TABELA POR HORA'!AC5,BOTA!$M:$M,C31) -> 0 | AD11: =COUNTIFS(BOTA!$L:$L,'TABELA POR HORA'!AD5,BOTA!$M:$M,C31) -> 0
B12: Estrelar II | C12: =COUNTIFS(COLAR!$N:$N,'TABELA POR HORA'!C5,COLAR!$O:$O,C31) -> 0 | D12: =COUNTIFS(COLAR!$N:$N,'TABELA POR HORA'!D5,COLAR!$O:$O,C31) -> 0 | E12: =COUNTIFS(COLAR!$N:$N,'TABELA POR HORA'!E5,COLAR!$O:$O,C31) -> 0 | F12: =COUNTIFS(COLAR!$N:$N,'TABELA POR HORA'!F5,COLAR!$O:$O,C31) -> 0 | G12: =COUNTIFS(COLAR!$N:$N,'TABELA POR HORA'!G5,COLAR!$O:$O,C31) -> 0 | H12: =COUNTIFS(COLAR!$N:$N,'TABELA POR HORA'!H5,COLAR!$O:$O,C31) -> 0 | I12: =COUNTIFS(COLAR!$N:$N,'TABELA POR HORA'!I5,COLAR!$O:$O,C31) -> 0 | J12: =COUNTIFS(COLAR!$N:$N,'TABELA POR HORA'!J5,COLAR!$O:$O,C31) -> 0 | L12: Estrelar II | M12: =COUNTIFS(CAMISA!$N:$N,'TABELA POR HORA'!M5,CAMISA!$O:$O,C31) -> 0 | N12: =COUNTIFS(CAMISA!$N:$N,'TABELA POR HORA'!N5,CAMISA!$O:$O,C31) -> 0 | O12: =COUNTIFS(CAMISA!$N:$N,'TABELA POR HORA'!O5,CAMISA!$O:$O,C31) -> 0 | P12: =COUNTIFS(CAMISA!$N:$N,'TABELA POR HORA'!P5,CAMISA!$O:$O,C31) -> 0 | Q12: =COUNTIFS(CAMISA!$N:$N,'TABELA POR HORA'!Q5,CAMISA!$O:$O,C31) -> 0 | R12: =COUNTIFS(CAMISA!$N:$N,'TABELA POR HORA'!R5,CAMISA!$O:$O,C31) -> 0 | S12: =COUNTIFS(CAMISA!$N:$N,'TABELA POR HORA'!S5,CAMISA!$O:$O,C31) -> 0 | T12: =COUNTIFS(CAMISA!$N:$N,'TABELA POR HORA'!T5,CAMISA!$O:$O,C31) -> 0 | V12: Estrelar II | W12: =COUNTIFS(BOTA!$N:$N,'TABELA POR HORA'!W5,BOTA!$O:$O,C31) -> 0 | X12: =COUNTIFS(BOTA!$N:$N,'TABELA POR HORA'!X5,BOTA!$O:$O,C31) -> 0 | Y12: =COUNTIFS(BOTA!$N:$N,'TABELA POR HORA'!Y5,BOTA!$O:$O,C31) -> 0 | Z12: =COUNTIFS(BOTA!$N:$N,'TABELA POR HORA'!Z5,BOTA!$O:$O,C31) -> 0 | AA12: =COUNTIFS(BOTA!$N:$N,'TABELA POR HORA'!AA5,BOTA!$O:$O,C31) -> 0 | AB12: =COUNTIFS(BOTA!$N:$N,'TABELA POR HORA'!AB5,BOTA!$O:$O,C31) -> 0 | AC12: =COUNTIFS(BOTA!$N:$N,'TABELA POR HORA'!AC5,BOTA!$O:$O,C31) -> 0 | AD12: =COUNTIFS(BOTA!$N:$N,'TABELA POR HORA'!AD5,BOTA!$O:$O,C31) -> 0
B13: Estrelar III | C13: =COUNTIFS(COLAR!$P:$P,'TABELA POR HORA'!C5,COLAR!$Q:$Q,C31) -> 0 | D13: =COUNTIFS(COLAR!$P:$P,'TABELA POR HORA'!D5,COLAR!$Q:$Q,C31) -> 0 | E13: =COUNTIFS(COLAR!$P:$P,'TABELA POR HORA'!E5,COLAR!$Q:$Q,C31) -> 0 | F13: =COUNTIFS(COLAR!$P:$P,'TABELA POR HORA'!F5,COLAR!$Q:$Q,C31) -> 0 | G13: =COUNTIFS(COLAR!$P:$P,'TABELA POR HORA'!G5,COLAR!$Q:$Q,C31) -> 0 | H13: =COUNTIFS(COLAR!$P:$P,'TABELA POR HORA'!H5,COLAR!$Q:$Q,C31) -> 0 | I13: =COUNTIFS(COLAR!$P:$P,'TABELA POR HORA'!I5,COLAR!$Q:$Q,C31) -> 0 | J13: =COUNTIFS(COLAR!$P:$P,'TABELA POR HORA'!J5,COLAR!$Q:$Q,C31) -> 0 | L13: Estrelar III | M13: =COUNTIFS(CAMISA!$P:$P,'TABELA POR HORA'!M5,CAMISA!$Q:$Q,C31) -> 0 | N13: =COUNTIFS(CAMISA!$P:$P,'TABELA POR HORA'!N5,CAMISA!$Q:$Q,C31) -> 0 | O13: =COUNTIFS(CAMISA!$P:$P,'TABELA POR HORA'!O5,CAMISA!$Q:$Q,C31) -> 0 | P13: =COUNTIFS(CAMISA!$P:$P,'TABELA POR HORA'!P5,CAMISA!$Q:$Q,C31) -> 0 | Q13: =COUNTIFS(CAMISA!$P:$P,'TABELA POR HORA'!Q5,CAMISA!$Q:$Q,C31) -> 0 | R13: =COUNTIFS(CAMISA!$P:$P,'TABELA POR HORA'!R5,CAMISA!$Q:$Q,C31) -> 0 | S13: =COUNTIFS(CAMISA!$P:$P,'TABELA POR HORA'!S5,CAMISA!$Q:$Q,C31) -> 0 | T13: =COUNTIFS(CAMISA!$P:$P,'TABELA POR HORA'!T5,CAMISA!$Q:$Q,C31) -> 0 | V13: Estrelar III | W13: =COUNTIFS(BOTA!$P:$P,'TABELA POR HORA'!W5,BOTA!$Q:$Q,C31) -> 0 | X13: =COUNTIFS(BOTA!$P:$P,'TABELA POR HORA'!X5,BOTA!$Q:$Q,C31) -> 0 | Y13: =COUNTIFS(BOTA!$P:$P,'TABELA POR HORA'!Y5,BOTA!$Q:$Q,C31) -> 0 | Z13: =COUNTIFS(BOTA!$P:$P,'TABELA POR HORA'!Z5,BOTA!$Q:$Q,C31) -> 0 | AA13: =COUNTIFS(BOTA!$P:$P,'TABELA POR HORA'!AA5,BOTA!$Q:$Q,C31) -> 0 | AB13: =COUNTIFS(BOTA!$P:$P,'TABELA POR HORA'!AB5,BOTA!$Q:$Q,C31) -> 0 | AC13: =COUNTIFS(BOTA!$P:$P,'TABELA POR HORA'!AC5,BOTA!$Q:$Q,C31) -> 0 | AD13: =COUNTIFS(BOTA!$P:$P,'TABELA POR HORA'!AD5,BOTA!$Q:$Q,C31) -> 0
B14: Estrelar IV | C14: =COUNTIFS(COLAR!$R:$R,'TABELA POR HORA'!C5,COLAR!$S:$S,C31) -> 0 | D14: =COUNTIFS(COLAR!$R:$R,'TABELA POR HORA'!D5,COLAR!$S:$S,C31) -> 0 | E14: =COUNTIFS(COLAR!$R:$R,'TABELA POR HORA'!E5,COLAR!$S:$S,C31) -> 0 | F14: =COUNTIFS(COLAR!$R:$R,'TABELA POR HORA'!F5,COLAR!$S:$S,C31) -> 0 | G14: =COUNTIFS(COLAR!$R:$R,'TABELA POR HORA'!G5,COLAR!$S:$S,C31) -> 0 | H14: =COUNTIFS(COLAR!$R:$R,'TABELA POR HORA'!H5,COLAR!$S:$S,C31) -> 0 | I14: =COUNTIFS(COLAR!$R:$R,'TABELA POR HORA'!I5,COLAR!$S:$S,C31) -> 0 | J14: =COUNTIFS(COLAR!$R:$R,'TABELA POR HORA'!J5,COLAR!$S:$S,C31) -> 0 | L14: Estrelar IV | M14: =COUNTIFS(CAMISA!$R:$R,'TABELA POR HORA'!M5,CAMISA!$S:$S,C31) -> 0 | N14: =COUNTIFS(CAMISA!$R:$R,'TABELA POR HORA'!N5,CAMISA!$S:$S,C31) -> 0 | O14: =COUNTIFS(CAMISA!$R:$R,'TABELA POR HORA'!O5,CAMISA!$S:$S,C31) -> 0 | P14: =COUNTIFS(CAMISA!$R:$R,'TABELA POR HORA'!P5,CAMISA!$S:$S,C31) -> 0 | Q14: =COUNTIFS(CAMISA!$R:$R,'TABELA POR HORA'!Q5,CAMISA!$S:$S,C31) -> 0 | R14: =COUNTIFS(CAMISA!$R:$R,'TABELA POR HORA'!R5,CAMISA!$S:$S,C31) -> 0 | S14: =COUNTIFS(CAMISA!$R:$R,'TABELA POR HORA'!S5,CAMISA!$S:$S,C31) -> 0 | T14: =COUNTIFS(CAMISA!$R:$R,'TABELA POR HORA'!T5,CAMISA!$S:$S,C31) -> 0 | V14: Estrelar IV | W14: =COUNTIFS(BOTA!$R:$R,'TABELA POR HORA'!W5,BOTA!$S:$S,C31) -> 0 | X14: =COUNTIFS(BOTA!$R:$R,'TABELA POR HORA'!X5,BOTA!$S:$S,C31) -> 0 | Y14: =COUNTIFS(BOTA!$R:$R,'TABELA POR HORA'!Y5,BOTA!$S:$S,C31) -> 0 | Z14: =COUNTIFS(BOTA!$R:$R,'TABELA POR HORA'!Z5,BOTA!$S:$S,C31) -> 0 | AA14: =COUNTIFS(BOTA!$R:$R,'TABELA POR HORA'!AA5,BOTA!$S:$S,C31) -> 0 | AB14: =COUNTIFS(BOTA!$R:$R,'TABELA POR HORA'!AB5,BOTA!$S:$S,C31) -> 0 | AC14: =COUNTIFS(BOTA!$R:$R,'TABELA POR HORA'!AC5,BOTA!$S:$S,C31) -> 0 | AD14: =COUNTIFS(BOTA!$R:$R,'TABELA POR HORA'!AD5,BOTA!$S:$S,C31) -> 0
B15: Estrelar V | C15: =COUNTIFS(COLAR!$T:$T,'TABELA POR HORA'!C5,COLAR!$U:$U,C31) -> 0 | D15: =COUNTIFS(COLAR!$T:$T,'TABELA POR HORA'!D5,COLAR!$U:$U,C31) -> 0 | E15: =COUNTIFS(COLAR!$T:$T,'TABELA POR HORA'!E5,COLAR!$U:$U,C31) -> 0 | F15: =COUNTIFS(COLAR!$T:$T,'TABELA POR HORA'!F5,COLAR!$U:$U,C31) -> 0 | G15: =COUNTIFS(COLAR!$T:$T,'TABELA POR HORA'!G5,COLAR!$U:$U,C31) -> 0 | H15: =COUNTIFS(COLAR!$T:$T,'TABELA POR HORA'!H5,COLAR!$U:$U,C31) -> 0 | I15: =COUNTIFS(COLAR!$T:$T,'TABELA POR HORA'!I5,COLAR!$U:$U,C31) -> 0 | J15: =COUNTIFS(COLAR!$T:$T,'TABELA POR HORA'!J5,COLAR!$U:$U,C31) -> 0 | L15: Estrelar V | M15: =COUNTIFS(CAMISA!$T:$T,'TABELA POR HORA'!M5,CAMISA!$U:$U,C31) -> 0 | N15: =COUNTIFS(CAMISA!$T:$T,'TABELA POR HORA'!N5,CAMISA!$U:$U,C31) -> 0 | O15: =COUNTIFS(CAMISA!$T:$T,'TABELA POR HORA'!O5,CAMISA!$U:$U,C31) -> 0 | P15: =COUNTIFS(CAMISA!$T:$T,'TABELA POR HORA'!P5,CAMISA!$U:$U,C31) -> 0 | Q15: =COUNTIFS(CAMISA!$T:$T,'TABELA POR HORA'!Q5,CAMISA!$U:$U,C31) -> 0 | R15: =COUNTIFS(CAMISA!$T:$T,'TABELA POR HORA'!R5,CAMISA!$U:$U,C31) -> 0 | S15: =COUNTIFS(CAMISA!$T:$T,'TABELA POR HORA'!S5,CAMISA!$U:$U,C31) -> 0 | T15: =COUNTIFS(CAMISA!$T:$T,'TABELA POR HORA'!T5,CAMISA!$U:$U,C31) -> 0 | V15: Estrelar V | W15: =COUNTIFS(BOTA!$T:$T,'TABELA POR HORA'!W5,BOTA!$U:$U,C31) -> 0 | X15: =COUNTIFS(BOTA!$T:$T,'TABELA POR HORA'!X5,BOTA!$U:$U,C31) -> 0 | Y15: =COUNTIFS(BOTA!$T:$T,'TABELA POR HORA'!Y5,BOTA!$U:$U,C31) -> 0 | Z15: =COUNTIFS(BOTA!$T:$T,'TABELA POR HORA'!Z5,BOTA!$U:$U,C31) -> 0 | AA15: =COUNTIFS(BOTA!$T:$T,'TABELA POR HORA'!AA5,BOTA!$U:$U,C31) -> 0 | AB15: =COUNTIFS(BOTA!$T:$T,'TABELA POR HORA'!AB5,BOTA!$U:$U,C31) -> 0 | AC15: =COUNTIFS(BOTA!$T:$T,'TABELA POR HORA'!AC5,BOTA!$U:$U,C31) -> 0 | AD15: =COUNTIFS(BOTA!$T:$T,'TABELA POR HORA'!AD5,BOTA!$U:$U,C31) -> 0
B16: Sacrifício I | C16: =COUNTIFS(COLAR!$V:$V,'TABELA POR HORA'!C5,COLAR!$W:$W,C31) -> 0 | D16: =COUNTIFS(COLAR!$V:$V,'TABELA POR HORA'!D5,COLAR!$W:$W,C31) -> 0 | E16: =COUNTIFS(COLAR!$V:$V,'TABELA POR HORA'!E5,COLAR!$W:$W,C31) -> 0 | F16: =COUNTIFS(COLAR!$V:$V,'TABELA POR HORA'!F5,COLAR!$W:$W,C31) -> 0 | G16: =COUNTIFS(COLAR!$V:$V,'TABELA POR HORA'!G5,COLAR!$W:$W,C31) -> 0 | H16: =COUNTIFS(COLAR!$V:$V,'TABELA POR HORA'!H5,COLAR!$W:$W,C31) -> 0 | I16: =COUNTIFS(COLAR!$V:$V,'TABELA POR HORA'!I5,COLAR!$W:$W,C31) -> 0 | J16: =COUNTIFS(COLAR!$V:$V,'TABELA POR HORA'!J5,COLAR!$W:$W,C31) -> 0 | L16: Sacrifício I | M16: =COUNTIFS(CAMISA!$V:$V,'TABELA POR HORA'!M5,CAMISA!$W:$W,C31) -> 0 | N16: =COUNTIFS(CAMISA!$V:$V,'TABELA POR HORA'!N5,CAMISA!$W:$W,C31) -> 0 | O16: =COUNTIFS(CAMISA!$V:$V,'TABELA POR HORA'!O5,CAMISA!$W:$W,C31) -> 0 | P16: =COUNTIFS(CAMISA!$V:$V,'TABELA POR HORA'!P5,CAMISA!$W:$W,C31) -> 0 | Q16: =COUNTIFS(CAMISA!$V:$V,'TABELA POR HORA'!Q5,CAMISA!$W:$W,C31) -> 0 | R16: =COUNTIFS(CAMISA!$V:$V,'TABELA POR HORA'!R5,CAMISA!$W:$W,C31) -> 0 | S16: =COUNTIFS(CAMISA!$V:$V,'TABELA POR HORA'!S5,CAMISA!$W:$W,C31) -> 0 | T16: =COUNTIFS(CAMISA!$V:$V,'TABELA POR HORA'!T5,CAMISA!$W:$W,C31) -> 0 | V16: Sacrifício I | W16: =COUNTIFS(BOTA!$V:$V,'TABELA POR HORA'!W5,BOTA!$W:$W,C31) -> 0 | X16: =COUNTIFS(BOTA!$V:$V,'TABELA POR HORA'!X5,BOTA!$W:$W,C31) -> 0 | Y16: =COUNTIFS(BOTA!$V:$V,'TABELA POR HORA'!Y5,BOTA!$W:$W,C31) -> 0 | Z16: =COUNTIFS(BOTA!$V:$V,'TABELA POR HORA'!Z5,BOTA!$W:$W,C31) -> 0 | AA16: =COUNTIFS(BOTA!$V:$V,'TABELA POR HORA'!AA5,BOTA!$W:$W,C31) -> 0 | AB16: =COUNTIFS(BOTA!$V:$V,'TABELA POR HORA'!AB5,BOTA!$W:$W,C31) -> 0 | AC16: =COUNTIFS(BOTA!$V:$V,'TABELA POR HORA'!AC5,BOTA!$W:$W,C31) -> 0 | AD16: =COUNTIFS(BOTA!$V:$V,'TABELA POR HORA'!AD5,BOTA!$W:$W,C31) -> 0
B17: Sacrifício II | C17: =COUNTIFS(COLAR!$X:$X,'TABELA POR HORA'!C5,COLAR!$Y:$Y,C31) -> 0 | D17: =COUNTIFS(COLAR!$X:$X,'TABELA POR HORA'!D5,COLAR!$Y:$Y,C31) -> 0 | E17: =COUNTIFS(COLAR!$X:$X,'TABELA POR HORA'!E5,COLAR!$Y:$Y,C31) -> 0 | F17: =COUNTIFS(COLAR!$X:$X,'TABELA POR HORA'!F5,COLAR!$Y:$Y,C31) -> 0 | G17: =COUNTIFS(COLAR!$X:$X,'TABELA POR HORA'!G5,COLAR!$Y:$Y,C31) -> 0 | H17: =COUNTIFS(COLAR!$X:$X,'TABELA POR HORA'!H5,COLAR!$Y:$Y,C31) -> 0 | I17: =COUNTIFS(COLAR!$X:$X,'TABELA POR HORA'!I5,COLAR!$Y:$Y,C31) -> 0 | J17: =COUNTIFS(COLAR!$X:$X,'TABELA POR HORA'!J5,COLAR!$Y:$Y,C31) -> 0 | L17: Sacrifício II | M17: =COUNTIFS(CAMISA!$X:$X,'TABELA POR HORA'!M5,CAMISA!$Y:$Y,C31) -> 0 | N17: =COUNTIFS(CAMISA!$X:$X,'TABELA POR HORA'!N5,CAMISA!$Y:$Y,C31) -> 0 | O17: =COUNTIFS(CAMISA!$X:$X,'TABELA POR HORA'!O5,CAMISA!$Y:$Y,C31) -> 0 | P17: =COUNTIFS(CAMISA!$X:$X,'TABELA POR HORA'!P5,CAMISA!$Y:$Y,C31) -> 0 | Q17: =COUNTIFS(CAMISA!$X:$X,'TABELA POR HORA'!Q5,CAMISA!$Y:$Y,C31) -> 0 | R17: =COUNTIFS(CAMISA!$X:$X,'TABELA POR HORA'!R5,CAMISA!$Y:$Y,C31) -> 0 | S17: =COUNTIFS(CAMISA!$X:$X,'TABELA POR HORA'!S5,CAMISA!$Y:$Y,C31) -> 0 | T17: =COUNTIFS(CAMISA!$X:$X,'TABELA POR HORA'!T5,CAMISA!$Y:$Y,C31) -> 1 | V17: Sacrifício II | W17: =COUNTIFS(BOTA!$X:$X,'TABELA POR HORA'!W5,BOTA!$Y:$Y,C31) -> 0 | X17: =COUNTIFS(BOTA!$X:$X,'TABELA POR HORA'!X5,BOTA!$Y:$Y,C31) -> 0 | Y17: =COUNTIFS(BOTA!$X:$X,'TABELA POR HORA'!Y5,BOTA!$Y:$Y,C31) -> 0 | Z17: =COUNTIFS(BOTA!$X:$X,'TABELA POR HORA'!Z5,BOTA!$Y:$Y,C31) -> 0 | AA17: =COUNTIFS(BOTA!$X:$X,'TABELA POR HORA'!AA5,BOTA!$Y:$Y,C31) -> 0 | AB17: =COUNTIFS(BOTA!$X:$X,'TABELA POR HORA'!AB5,BOTA!$Y:$Y,C31) -> 0 | AC17: =COUNTIFS(BOTA!$X:$X,'TABELA POR HORA'!AC5,BOTA!$Y:$Y,C31) -> 0 | AD17: =COUNTIFS(BOTA!$X:$X,'TABELA POR HORA'!AD5,BOTA!$Y:$Y,C31) -> 0
B18: Sacrifício III | C18: =COUNTIFS(COLAR!$Z:$Z,'TABELA POR HORA'!C5,COLAR!$AA:$AA,C31) -> 0 | D18: =COUNTIFS(COLAR!$Z:$Z,'TABELA POR HORA'!D5,COLAR!$AA:$AA,C31) -> 0 | E18: =COUNTIFS(COLAR!$Z:$Z,'TABELA POR HORA'!E5,COLAR!$AA:$AA,C31) -> 0 | F18: =COUNTIFS(COLAR!$Z:$Z,'TABELA POR HORA'!F5,COLAR!$AA:$AA,C31) -> 0 | G18: =COUNTIFS(COLAR!$Z:$Z,'TABELA POR HORA'!G5,COLAR!$AA:$AA,C31) -> 0 | H18: =COUNTIFS(COLAR!$Z:$Z,'TABELA POR HORA'!H5,COLAR!$AA:$AA,C31) -> 0 | I18: =COUNTIFS(COLAR!$Z:$Z,'TABELA POR HORA'!I5,COLAR!$AA:$AA,C31) -> 0 | J18: =COUNTIFS(COLAR!$Z:$Z,'TABELA POR HORA'!J5,COLAR!$AA:$AA,C31) -> 0 | L18: Sacrifício III | M18: =COUNTIFS(CAMISA!$Z:$Z,'TABELA POR HORA'!M5,CAMISA!$AA:$AA,C31) -> 0 | N18: =COUNTIFS(CAMISA!$Z:$Z,'TABELA POR HORA'!N5,CAMISA!$AA:$AA,C31) -> 0 | O18: =COUNTIFS(CAMISA!$Z:$Z,'TABELA POR HORA'!O5,CAMISA!$AA:$AA,C31) -> 0 | P18: =COUNTIFS(CAMISA!$Z:$Z,'TABELA POR HORA'!P5,CAMISA!$AA:$AA,C31) -> 0 | Q18: =COUNTIFS(CAMISA!$Z:$Z,'TABELA POR HORA'!Q5,CAMISA!$AA:$AA,C31) -> 0 | R18: =COUNTIFS(CAMISA!$Z:$Z,'TABELA POR HORA'!R5,CAMISA!$AA:$AA,C31) -> 0 | S18: =COUNTIFS(CAMISA!$Z:$Z,'TABELA POR HORA'!S5,CAMISA!$AA:$AA,C31) -> 0 | T18: =COUNTIFS(CAMISA!$Z:$Z,'TABELA POR HORA'!T5,CAMISA!$AA:$AA,C31) -> 0 | V18: Sacrifício III | W18: =COUNTIFS(BOTA!$Z:$Z,'TABELA POR HORA'!W5,BOTA!$AA:$AA,C31) -> 0 | X18: =COUNTIFS(BOTA!$Z:$Z,'TABELA POR HORA'!X5,BOTA!$AA:$AA,C31) -> 0 | Y18: =COUNTIFS(BOTA!$Z:$Z,'TABELA POR HORA'!Y5,BOTA!$AA:$AA,C31) -> 0 | Z18: =COUNTIFS(BOTA!$Z:$Z,'TABELA POR HORA'!Z5,BOTA!$AA:$AA,C31) -> 0 | AA18: =COUNTIFS(BOTA!$Z:$Z,'TABELA POR HORA'!AA5,BOTA!$AA:$AA,C31) -> 0 | AB18: =COUNTIFS(BOTA!$Z:$Z,'TABELA POR HORA'!AB5,BOTA!$AA:$AA,C31) -> 0 | AC18: =COUNTIFS(BOTA!$Z:$Z,'TABELA POR HORA'!AC5,BOTA!$AA:$AA,C31) -> 0 | AD18: =COUNTIFS(BOTA!$Z:$Z,'TABELA POR HORA'!AD5,BOTA!$AA:$AA,C31) -> 0
B19: Sacrifício IV | C19: =COUNTIFS(COLAR!$AB:$AB,'TABELA POR HORA'!C5,COLAR!$AC:$AC,C31) -> 0 | D19: =COUNTIFS(COLAR!$AB:$AB,'TABELA POR HORA'!D5,COLAR!$AC:$AC,C31) -> 0 | E19: =COUNTIFS(COLAR!$AB:$AB,'TABELA POR HORA'!E5,COLAR!$AC:$AC,C31) -> 0 | F19: =COUNTIFS(COLAR!$AB:$AB,'TABELA POR HORA'!F5,COLAR!$AC:$AC,C31) -> 0 | G19: =COUNTIFS(COLAR!$AB:$AB,'TABELA POR HORA'!G5,COLAR!$AC:$AC,C31) -> 0 | H19: =COUNTIFS(COLAR!$AB:$AB,'TABELA POR HORA'!H5,COLAR!$AC:$AC,C31) -> 0 | I19: =COUNTIFS(COLAR!$AB:$AB,'TABELA POR HORA'!I5,COLAR!$AC:$AC,C31) -> 0 | J19: =COUNTIFS(COLAR!$AB:$AB,'TABELA POR HORA'!J5,COLAR!$AC:$AC,C31) -> 0 | L19: Sacrifício IV | M19: =COUNTIFS(CAMISA!$AB:$AB,'TABELA POR HORA'!M5,CAMISA!$AC:$AC,C31) -> 0 | N19: =COUNTIFS(CAMISA!$AB:$AB,'TABELA POR HORA'!N5,CAMISA!$AC:$AC,C31) -> 0 | O19: =COUNTIFS(CAMISA!$AB:$AB,'TABELA POR HORA'!O5,CAMISA!$AC:$AC,C31) -> 0 | P19: =COUNTIFS(CAMISA!$AB:$AB,'TABELA POR HORA'!P5,CAMISA!$AC:$AC,C31) -> 0 | Q19: =COUNTIFS(CAMISA!$AB:$AB,'TABELA POR HORA'!Q5,CAMISA!$AC:$AC,C31) -> 0 | R19: =COUNTIFS(CAMISA!$AB:$AB,'TABELA POR HORA'!R5,CAMISA!$AC:$AC,C31) -> 0 | S19: =COUNTIFS(CAMISA!$AB:$AB,'TABELA POR HORA'!S5,CAMISA!$AC:$AC,C31) -> 0 | T19: =COUNTIFS(CAMISA!$AB:$AB,'TABELA POR HORA'!T5,CAMISA!$AC:$AC,C31) -> 0 | V19: Sacrifício IV | W19: =COUNTIFS(BOTA!$AB:$AB,'TABELA POR HORA'!W5,BOTA!$AC:$AC,C31) -> 0 | X19: =COUNTIFS(BOTA!$AB:$AB,'TABELA POR HORA'!X5,BOTA!$AC:$AC,C31) -> 0 | Y19: =COUNTIFS(BOTA!$AB:$AB,'TABELA POR HORA'!Y5,BOTA!$AC:$AC,C31) -> 0 | Z19: =COUNTIFS(BOTA!$AB:$AB,'TABELA POR HORA'!Z5,BOTA!$AC:$AC,C31) -> 0 | AA19: =COUNTIFS(BOTA!$AB:$AB,'TABELA POR HORA'!AA5,BOTA!$AC:$AC,C31) -> 0 | AB19: =COUNTIFS(BOTA!$AB:$AB,'TABELA POR HORA'!AB5,BOTA!$AC:$AC,C31) -> 0 | AC19: =COUNTIFS(BOTA!$AB:$AB,'TABELA POR HORA'!AC5,BOTA!$AC:$AC,C31) -> 0 | AD19: =COUNTIFS(BOTA!$AB:$AB,'TABELA POR HORA'!AD5,BOTA!$AC:$AC,C31) -> 0
B20: Sacrifício V | C20: =COUNTIFS(COLAR!$AD:$AD,'TABELA POR HORA'!C5,COLAR!$AE:$AE,C31) -> 1 | D20: =COUNTIFS(COLAR!$AD:$AD,'TABELA POR HORA'!D5,COLAR!$AE:$AE,C31) -> 0 | E20: =COUNTIFS(COLAR!$AD:$AD,'TABELA POR HORA'!E5,COLAR!$AE:$AE,C31) -> 0 | F20: =COUNTIFS(COLAR!$AD:$AD,'TABELA POR HORA'!F5,COLAR!$AE:$AE,C31) -> 0 | G20: =COUNTIFS(COLAR!$AD:$AD,'TABELA POR HORA'!G5,COLAR!$AE:$AE,C31) -> 0 | H20: =COUNTIFS(COLAR!$AD:$AD,'TABELA POR HORA'!H5,COLAR!$AE:$AE,C31) -> 0 | I20: =COUNTIFS(COLAR!$AD:$AD,'TABELA POR HORA'!I5,COLAR!$AE:$AE,C31) -> 0 | J20: =COUNTIFS(COLAR!$AD:$AD,'TABELA POR HORA'!J5,COLAR!$AE:$AE,C31) -> 0 | L20: Sacrifício V | M20: =COUNTIFS(CAMISA!$AD:$AD,'TABELA POR HORA'!M5,CAMISA!$AE:$AE,C31) -> 0 | N20: =COUNTIFS(CAMISA!$AD:$AD,'TABELA POR HORA'!N5,CAMISA!$AE:$AE,C31) -> 0 | O20: =COUNTIFS(CAMISA!$AD:$AD,'TABELA POR HORA'!O5,CAMISA!$AE:$AE,C31) -> 0 | P20: =COUNTIFS(CAMISA!$AD:$AD,'TABELA POR HORA'!P5,CAMISA!$AE:$AE,C31) -> 0 | Q20: =COUNTIFS(CAMISA!$AD:$AD,'TABELA POR HORA'!Q5,CAMISA!$AE:$AE,C31) -> 0 | R20: =COUNTIFS(CAMISA!$AD:$AD,'TABELA POR HORA'!R5,CAMISA!$AE:$AE,C31) -> 0 | S20: =COUNTIFS(CAMISA!$AD:$AD,'TABELA POR HORA'!S5,CAMISA!$AE:$AE,C31) -> 0 | T20: =COUNTIFS(CAMISA!$AD:$AD,'TABELA POR HORA'!T5,CAMISA!$AE:$AE,C31) -> 0 | V20: Sacrifício V | W20: =COUNTIFS(BOTA!$AD:$AD,'TABELA POR HORA'!W5,BOTA!$AE:$AE,C31) -> 0 | X20: =COUNTIFS(BOTA!$AD:$AD,'TABELA POR HORA'!X5,BOTA!$AE:$AE,C31) -> 0 | Y20: =COUNTIFS(BOTA!$AD:$AD,'TABELA POR HORA'!Y5,BOTA!$AE:$AE,C31) -> 0 | Z20: =COUNTIFS(BOTA!$AD:$AD,'TABELA POR HORA'!Z5,BOTA!$AE:$AE,C31) -> 1 | AA20: =COUNTIFS(BOTA!$AD:$AD,'TABELA POR HORA'!AA5,BOTA!$AE:$AE,C31) -> 0 | AB20: =COUNTIFS(BOTA!$AD:$AD,'TABELA POR HORA'!AB5,BOTA!$AE:$AE,C31) -> 0 | AC20: =COUNTIFS(BOTA!$AD:$AD,'TABELA POR HORA'!AC5,BOTA!$AE:$AE,C31) -> 0 | AD20: =COUNTIFS(BOTA!$AD:$AD,'TABELA POR HORA'!AD5,BOTA!$AE:$AE,C31) -> 0
B21: Tychel I | C21: =COUNTIFS(COLAR!$AF:$AF,'TABELA POR HORA'!C5,COLAR!$AG:$AG,C31) -> 0 | D21: =COUNTIFS(COLAR!$AF:$AF,'TABELA POR HORA'!D5,COLAR!$AG:$AG,C31) -> 0 | E21: =COUNTIFS(COLAR!$AF:$AF,'TABELA POR HORA'!E5,COLAR!$AG:$AG,C31) -> 0 | F21: =COUNTIFS(COLAR!$AF:$AF,'TABELA POR HORA'!F5,COLAR!$AG:$AG,C31) -> 0 | G21: =COUNTIFS(COLAR!$AF:$AF,'TABELA POR HORA'!G5,COLAR!$AG:$AG,C31) -> 0 | H21: =COUNTIFS(COLAR!$AF:$AF,'TABELA POR HORA'!H5,COLAR!$AG:$AG,C31) -> 0 | I21: =COUNTIFS(COLAR!$AF:$AF,'TABELA POR HORA'!I5,COLAR!$AG:$AG,C31) -> 0 | J21: =COUNTIFS(COLAR!$AF:$AF,'TABELA POR HORA'!J5,COLAR!$AG:$AG,C31) -> 0 | L21: Tychel I | M21: =COUNTIFS(CAMISA!$AF:$AF,'TABELA POR HORA'!M5,CAMISA!$AG:$AG,C31) -> 0 | N21: =COUNTIFS(CAMISA!$AF:$AF,'TABELA POR HORA'!N5,CAMISA!$AG:$AG,C31) -> 0 | O21: =COUNTIFS(CAMISA!$AF:$AF,'TABELA POR HORA'!O5,CAMISA!$AG:$AG,C31) -> 0 | P21: =COUNTIFS(CAMISA!$AF:$AF,'TABELA POR HORA'!P5,CAMISA!$AG:$AG,C31) -> 0 | Q21: =COUNTIFS(CAMISA!$AF:$AF,'TABELA POR HORA'!Q5,CAMISA!$AG:$AG,C31) -> 0 | R21: =COUNTIFS(CAMISA!$AF:$AF,'TABELA POR HORA'!R5,CAMISA!$AG:$AG,C31) -> 0 | S21: =COUNTIFS(CAMISA!$AF:$AF,'TABELA POR HORA'!S5,CAMISA!$AG:$AG,C31) -> 0 | T21: =COUNTIFS(CAMISA!$AF:$AF,'TABELA POR HORA'!T5,CAMISA!$AG:$AG,C31) -> 0 | V21: Tychel I | W21: =COUNTIFS(BOTA!$AF:$AF,'TABELA POR HORA'!W5,BOTA!$AG:$AG,C31) -> 0 | X21: =COUNTIFS(BOTA!$AF:$AF,'TABELA POR HORA'!X5,BOTA!$AG:$AG,C31) -> 0 | Y21: =COUNTIFS(BOTA!$AF:$AF,'TABELA POR HORA'!Y5,BOTA!$AG:$AG,C31) -> 0 | Z21: =COUNTIFS(BOTA!$AF:$AF,'TABELA POR HORA'!Z5,BOTA!$AG:$AG,C31) -> 0 | AA21: =COUNTIFS(BOTA!$AF:$AF,'TABELA POR HORA'!AA5,BOTA!$AG:$AG,C31) -> 0 | AB21: =COUNTIFS(BOTA!$AF:$AF,'TABELA POR HORA'!AB5,BOTA!$AG:$AG,C31) -> 0 | AC21: =COUNTIFS(BOTA!$AF:$AF,'TABELA POR HORA'!AC5,BOTA!$AG:$AG,C31) -> 0 | AD21: =COUNTIFS(BOTA!$AF:$AF,'TABELA POR HORA'!AD5,BOTA!$AG:$AG,C31) -> 0
B22: Tychel II | C22: =COUNTIFS(COLAR!$AH:$AH,'TABELA POR HORA'!C5,COLAR!$AI:$AI,C31) -> 0 | D22: =COUNTIFS(COLAR!$AH:$AH,'TABELA POR HORA'!D5,COLAR!$AI:$AI,C31) -> 0 | E22: =COUNTIFS(COLAR!$AH:$AH,'TABELA POR HORA'!E5,COLAR!$AI:$AI,C31) -> 0 | F22: =COUNTIFS(COLAR!$AH:$AH,'TABELA POR HORA'!F5,COLAR!$AI:$AI,C31) -> 0 | G22: =COUNTIFS(COLAR!$AH:$AH,'TABELA POR HORA'!G5,COLAR!$AI:$AI,C31) -> 0 | H22: =COUNTIFS(COLAR!$AH:$AH,'TABELA POR HORA'!H5,COLAR!$AI:$AI,C31) -> 0 | I22: =COUNTIFS(COLAR!$AH:$AH,'TABELA POR HORA'!I5,COLAR!$AI:$AI,C31) -> 0 | J22: =COUNTIFS(COLAR!$AH:$AH,'TABELA POR HORA'!J5,COLAR!$AI:$AI,C31) -> 0 | L22: Tychel II | M22: =COUNTIFS(CAMISA!$AH:$AH,'TABELA POR HORA'!M5,CAMISA!$AI:$AI,C31) -> 0 | N22: =COUNTIFS(CAMISA!$AH:$AH,'TABELA POR HORA'!N5,CAMISA!$AI:$AI,C31) -> 0 | O22: =COUNTIFS(CAMISA!$AH:$AH,'TABELA POR HORA'!O5,CAMISA!$AI:$AI,C31) -> 0 | P22: =COUNTIFS(CAMISA!$AH:$AH,'TABELA POR HORA'!P5,CAMISA!$AI:$AI,C31) -> 0 | Q22: =COUNTIFS(CAMISA!$AH:$AH,'TABELA POR HORA'!Q5,CAMISA!$AI:$AI,C31) -> 0 | R22: =COUNTIFS(CAMISA!$AH:$AH,'TABELA POR HORA'!R5,CAMISA!$AI:$AI,C31) -> 0 | S22: =COUNTIFS(CAMISA!$AH:$AH,'TABELA POR HORA'!S5,CAMISA!$AI:$AI,C31) -> 0 | T22: =COUNTIFS(CAMISA!$AH:$AH,'TABELA POR HORA'!T5,CAMISA!$AI:$AI,C31) -> 0 | V22: Tychel II | W22: =COUNTIFS(BOTA!$AH:$AH,'TABELA POR HORA'!W5,BOTA!$AI:$AI,C31) -> 0 | X22: =COUNTIFS(BOTA!$AH:$AH,'TABELA POR HORA'!X5,BOTA!$AI:$AI,C31) -> 0 | Y22: =COUNTIFS(BOTA!$AH:$AH,'TABELA POR HORA'!Y5,BOTA!$AI:$AI,C31) -> 0 | Z22: =COUNTIFS(BOTA!$AH:$AH,'TABELA POR HORA'!Z5,BOTA!$AI:$AI,C31) -> 0 | AA22: =COUNTIFS(BOTA!$AH:$AH,'TABELA POR HORA'!AA5,BOTA!$AI:$AI,C31) -> 0 | AB22: =COUNTIFS(BOTA!$AH:$AH,'TABELA POR HORA'!AB5,BOTA!$AI:$AI,C31) -> 0 | AC22: =COUNTIFS(BOTA!$AH:$AH,'TABELA POR HORA'!AC5,BOTA!$AI:$AI,C31) -> 0 | AD22: =COUNTIFS(BOTA!$AH:$AH,'TABELA POR HORA'!AD5,BOTA!$AI:$AI,C31) -> 0
B23: Tychel III | C23: =COUNTIFS(COLAR!$AJ:$AJ,'TABELA POR HORA'!C5,COLAR!$AK:$AK,C31) -> 0 | D23: =COUNTIFS(COLAR!$AJ:$AJ,'TABELA POR HORA'!D5,COLAR!$AK:$AK,C31) -> 0 | E23: =COUNTIFS(COLAR!$AJ:$AJ,'TABELA POR HORA'!E5,COLAR!$AK:$AK,C31) -> 0 | F23: =COUNTIFS(COLAR!$AJ:$AJ,'TABELA POR HORA'!F5,COLAR!$AK:$AK,C31) -> 0 | G23: =COUNTIFS(COLAR!$AJ:$AJ,'TABELA POR HORA'!G5,COLAR!$AK:$AK,C31) -> 0 | H23: =COUNTIFS(COLAR!$AJ:$AJ,'TABELA POR HORA'!H5,COLAR!$AK:$AK,C31) -> 0 | I23: =COUNTIFS(COLAR!$AJ:$AJ,'TABELA POR HORA'!I5,COLAR!$AK:$AK,C31) -> 0 | J23: =COUNTIFS(COLAR!$AJ:$AJ,'TABELA POR HORA'!J5,COLAR!$AK:$AK,C31) -> 0 | L23: Tychel III | M23: =COUNTIFS(CAMISA!$AJ:$AJ,'TABELA POR HORA'!M5,CAMISA!$AK:$AK,C31) -> 0 | N23: =COUNTIFS(CAMISA!$AJ:$AJ,'TABELA POR HORA'!N5,CAMISA!$AK:$AK,C31) -> 0 | O23: =COUNTIFS(CAMISA!$AJ:$AJ,'TABELA POR HORA'!O5,CAMISA!$AK:$AK,C31) -> 0 | P23: =COUNTIFS(CAMISA!$AJ:$AJ,'TABELA POR HORA'!P5,CAMISA!$AK:$AK,C31) -> 0 | Q23: =COUNTIFS(CAMISA!$AJ:$AJ,'TABELA POR HORA'!Q5,CAMISA!$AK:$AK,C31) -> 0 | R23: =COUNTIFS(CAMISA!$AJ:$AJ,'TABELA POR HORA'!R5,CAMISA!$AK:$AK,C31) -> 0 | S23: =COUNTIFS(CAMISA!$AJ:$AJ,'TABELA POR HORA'!S5,CAMISA!$AK:$AK,C31) -> 0 | T23: =COUNTIFS(CAMISA!$AJ:$AJ,'TABELA POR HORA'!T5,CAMISA!$AK:$AK,C31) -> 0 | V23: Tychel III | W23: =COUNTIFS(BOTA!$AJ:$AJ,'TABELA POR HORA'!W5,BOTA!$AK:$AK,C31) -> 0 | X23: =COUNTIFS(BOTA!$AJ:$AJ,'TABELA POR HORA'!X5,BOTA!$AK:$AK,C31) -> 0 | Y23: =COUNTIFS(BOTA!$AJ:$AJ,'TABELA POR HORA'!Y5,BOTA!$AK:$AK,C31) -> 0 | Z23: =COUNTIFS(BOTA!$AJ:$AJ,'TABELA POR HORA'!Z5,BOTA!$AK:$AK,C31) -> 0 | AA23: =COUNTIFS(BOTA!$AJ:$AJ,'TABELA POR HORA'!AA5,BOTA!$AK:$AK,C31) -> 0 | AB23: =COUNTIFS(BOTA!$AJ:$AJ,'TABELA POR HORA'!AB5,BOTA!$AK:$AK,C31) -> 0 | AC23: =COUNTIFS(BOTA!$AJ:$AJ,'TABELA POR HORA'!AC5,BOTA!$AK:$AK,C31) -> 0 | AD23: =COUNTIFS(BOTA!$AJ:$AJ,'TABELA POR HORA'!AD5,BOTA!$AK:$AK,C31) -> 0
B24: Tychel IV | C24: =COUNTIFS(COLAR!$AL:$AL,'TABELA POR HORA'!C5,COLAR!$AM:$AM,C31) -> 0 | D24: =COUNTIFS(COLAR!$AL:$AL,'TABELA POR HORA'!D5,COLAR!$AM:$AM,C31) -> 0 | E24: =COUNTIFS(COLAR!$AL:$AL,'TABELA POR HORA'!E5,COLAR!$AM:$AM,C31) -> 0 | F24: =COUNTIFS(COLAR!$AL:$AL,'TABELA POR HORA'!F5,COLAR!$AM:$AM,C31) -> 0 | G24: =COUNTIFS(COLAR!$AL:$AL,'TABELA POR HORA'!G5,COLAR!$AM:$AM,C31) -> 0 | H24: =COUNTIFS(COLAR!$AL:$AL,'TABELA POR HORA'!H5,COLAR!$AM:$AM,C31) -> 0 | I24: =COUNTIFS(COLAR!$AL:$AL,'TABELA POR HORA'!I5,COLAR!$AM:$AM,C31) -> 0 | J24: =COUNTIFS(COLAR!$AL:$AL,'TABELA POR HORA'!J5,COLAR!$AM:$AM,C31) -> 0 | L24: Tychel IV | M24: =COUNTIFS(CAMISA!$AL:$AL,'TABELA POR HORA'!M5,CAMISA!$AM:$AM,C31) -> 0 | N24: =COUNTIFS(CAMISA!$AL:$AL,'TABELA POR HORA'!N5,CAMISA!$AM:$AM,C31) -> 0 | O24: =COUNTIFS(CAMISA!$AL:$AL,'TABELA POR HORA'!O5,CAMISA!$AM:$AM,C31) -> 0 | P24: =COUNTIFS(CAMISA!$AL:$AL,'TABELA POR HORA'!P5,CAMISA!$AM:$AM,C31) -> 0 | Q24: =COUNTIFS(CAMISA!$AL:$AL,'TABELA POR HORA'!Q5,CAMISA!$AM:$AM,C31) -> 0 | R24: =COUNTIFS(CAMISA!$AL:$AL,'TABELA POR HORA'!R5,CAMISA!$AM:$AM,C31) -> 1 | S24: =COUNTIFS(CAMISA!$AL:$AL,'TABELA POR HORA'!S5,CAMISA!$AM:$AM,C31) -> 0 | T24: =COUNTIFS(CAMISA!$AL:$AL,'TABELA POR HORA'!T5,CAMISA!$AM:$AM,C31) -> 0 | V24: Tychel IV | W24: =COUNTIFS(BOTA!$AL:$AL,'TABELA POR HORA'!W5,BOTA!$AM:$AM,C31) -> 0 | X24: =COUNTIFS(BOTA!$AL:$AL,'TABELA POR HORA'!X5,BOTA!$AM:$AM,C31) -> 0 | Y24: =COUNTIFS(BOTA!$AL:$AL,'TABELA POR HORA'!Y5,BOTA!$AM:$AM,C31) -> 0 | Z24: =COUNTIFS(BOTA!$AL:$AL,'TABELA POR HORA'!Z5,BOTA!$AM:$AM,C31) -> 0 | AA24: =COUNTIFS(BOTA!$AL:$AL,'TABELA POR HORA'!AA5,BOTA!$AM:$AM,C31) -> 0 | AB24: =COUNTIFS(BOTA!$AL:$AL,'TABELA POR HORA'!AB5,BOTA!$AM:$AM,C31) -> 0 | AC24: =COUNTIFS(BOTA!$AL:$AL,'TABELA POR HORA'!AC5,BOTA!$AM:$AM,C31) -> 3 | AD24: =COUNTIFS(BOTA!$AL:$AL,'TABELA POR HORA'!AD5,BOTA!$AM:$AM,C31) -> 1
B25: Tychel V | C25: =COUNTIFS(COLAR!$AN:$AN,'TABELA POR HORA'!C5,COLAR!$AO:$AO,C31) -> 0 | D25: =COUNTIFS(COLAR!$AN:$AN,'TABELA POR HORA'!D5,COLAR!$AO:$AO,C31) -> 0 | E25: =COUNTIFS(COLAR!$AN:$AN,'TABELA POR HORA'!E5,COLAR!$AO:$AO,C31) -> 0 | F25: =COUNTIFS(COLAR!$AN:$AN,'TABELA POR HORA'!F5,COLAR!$AO:$AO,C31) -> 0 | G25: =COUNTIFS(COLAR!$AN:$AN,'TABELA POR HORA'!G5,COLAR!$AO:$AO,C31) -> 0 | H25: =COUNTIFS(COLAR!$AN:$AN,'TABELA POR HORA'!H5,COLAR!$AO:$AO,C31) -> 0 | I25: =COUNTIFS(COLAR!$AN:$AN,'TABELA POR HORA'!I5,COLAR!$AO:$AO,C31) -> 0 | J25: =COUNTIFS(COLAR!$AN:$AN,'TABELA POR HORA'!J5,COLAR!$AO:$AO,C31) -> 0 | L25: Tychel V | M25: =COUNTIFS(CAMISA!$AN:$AN,'TABELA POR HORA'!M5,CAMISA!$AO:$AO,C31) -> 0 | N25: =COUNTIFS(CAMISA!$AN:$AN,'TABELA POR HORA'!N5,CAMISA!$AO:$AO,C31) -> 0 | O25: =COUNTIFS(CAMISA!$AN:$AN,'TABELA POR HORA'!O5,CAMISA!$AO:$AO,C31) -> 0 | P25: =COUNTIFS(CAMISA!$AN:$AN,'TABELA POR HORA'!P5,CAMISA!$AO:$AO,C31) -> 0 | Q25: =COUNTIFS(CAMISA!$AN:$AN,'TABELA POR HORA'!Q5,CAMISA!$AO:$AO,C31) -> 0 | R25: =COUNTIFS(CAMISA!$AN:$AN,'TABELA POR HORA'!R5,CAMISA!$AO:$AO,C31) -> 0 | S25: =COUNTIFS(CAMISA!$AN:$AN,'TABELA POR HORA'!S5,CAMISA!$AO:$AO,C31) -> 0 | T25: =COUNTIFS(CAMISA!$AN:$AN,'TABELA POR HORA'!T5,CAMISA!$AO:$AO,C31) -> 0 | V25: Tychel V | W25: =COUNTIFS(BOTA!$AN:$AN,'TABELA POR HORA'!W5,BOTA!$AO:$AO,C31) -> 0 | X25: =COUNTIFS(BOTA!$AN:$AN,'TABELA POR HORA'!X5,BOTA!$AO:$AO,C31) -> 0 | Y25: =COUNTIFS(BOTA!$AN:$AN,'TABELA POR HORA'!Y5,BOTA!$AO:$AO,C31) -> 0 | Z25: =COUNTIFS(BOTA!$AN:$AN,'TABELA POR HORA'!Z5,BOTA!$AO:$AO,C31) -> 0 | AA25: =COUNTIFS(BOTA!$AN:$AN,'TABELA POR HORA'!AA5,BOTA!$AO:$AO,C31) -> 0 | AB25: =COUNTIFS(BOTA!$AN:$AN,'TABELA POR HORA'!AB5,BOTA!$AO:$AO,C31) -> 0 | AC25: =COUNTIFS(BOTA!$AN:$AN,'TABELA POR HORA'!AC5,BOTA!$AO:$AO,C31) -> 0 | AD25: =COUNTIFS(BOTA!$AN:$AN,'TABELA POR HORA'!AD5,BOTA!$AO:$AO,C31) -> 2
B26: Azrael I | C26: =COUNTIFS(COLAR!$AP:$AP,'TABELA POR HORA'!C5,COLAR!$AQ:$AQ,C31) -> 0 | D26: =COUNTIFS(COLAR!$AP:$AP,'TABELA POR HORA'!D5,COLAR!$AQ:$AQ,C31) -> 0 | E26: =COUNTIFS(COLAR!$AP:$AP,'TABELA POR HORA'!E5,COLAR!$AQ:$AQ,C31) -> 0 | F26: =COUNTIFS(COLAR!$AP:$AP,'TABELA POR HORA'!F5,COLAR!$AQ:$AQ,C31) -> 0 | G26: =COUNTIFS(COLAR!$AP:$AP,'TABELA POR HORA'!G5,COLAR!$AQ:$AQ,C31) -> 0 | H26: =COUNTIFS(COLAR!$AP:$AP,'TABELA POR HORA'!H5,COLAR!$AQ:$AQ,C31) -> 0 | I26: =COUNTIFS(COLAR!$AP:$AP,'TABELA POR HORA'!I5,COLAR!$AQ:$AQ,C31) -> 0 | J26: =COUNTIFS(COLAR!$AP:$AP,'TABELA POR HORA'!J5,COLAR!$AQ:$AQ,C31) -> 0 | L26: Azrael I | M26: =COUNTIFS(CAMISA!$AP:$AP,'TABELA POR HORA'!M5,CAMISA!$AQ:$AQ,C31) -> 0 | N26: =COUNTIFS(CAMISA!$AP:$AP,'TABELA POR HORA'!N5,CAMISA!$AQ:$AQ,C31) -> 0 | O26: =COUNTIFS(CAMISA!$AP:$AP,'TABELA POR HORA'!O5,CAMISA!$AQ:$AQ,C31) -> 0 | P26: =COUNTIFS(CAMISA!$AP:$AP,'TABELA POR HORA'!P5,CAMISA!$AQ:$AQ,C31) -> 0 | Q26: =COUNTIFS(CAMISA!$AP:$AP,'TABELA POR HORA'!Q5,CAMISA!$AQ:$AQ,C31) -> 0 | R26: =COUNTIFS(CAMISA!$AP:$AP,'TABELA POR HORA'!R5,CAMISA!$AQ:$AQ,C31) -> 0 | S26: =COUNTIFS(CAMISA!$AP:$AP,'TABELA POR HORA'!S5,CAMISA!$AQ:$AQ,C31) -> 0 | T26: =COUNTIFS(CAMISA!$AP:$AP,'TABELA POR HORA'!T5,CAMISA!$AQ:$AQ,C31) -> 0 | V26: Azrael I | W26: =COUNTIFS(BOTA!$AP:$AP,'TABELA POR HORA'!W5,BOTA!$AQ:$AQ,C31) -> 0 | X26: =COUNTIFS(BOTA!$AP:$AP,'TABELA POR HORA'!X5,BOTA!$AQ:$AQ,C31) -> 0 | Y26: =COUNTIFS(BOTA!$AP:$AP,'TABELA POR HORA'!Y5,BOTA!$AQ:$AQ,C31) -> 0 | Z26: =COUNTIFS(BOTA!$AP:$AP,'TABELA POR HORA'!Z5,BOTA!$AQ:$AQ,C31) -> 0 | AA26: =COUNTIFS(BOTA!$AP:$AP,'TABELA POR HORA'!AA5,BOTA!$AQ:$AQ,C31) -> 0 | AB26: =COUNTIFS(BOTA!$AP:$AP,'TABELA POR HORA'!AB5,BOTA!$AQ:$AQ,C31) -> 0 | AC26: =COUNTIFS(BOTA!$AP:$AP,'TABELA POR HORA'!AC5,BOTA!$AQ:$AQ,C31) -> 0 | AD26: =COUNTIFS(BOTA!$AP:$AP,'TABELA POR HORA'!AD5,BOTA!$AQ:$AQ,C31) -> 0
B27: Azrael II | C27: =COUNTIFS(COLAR!$AR:$AR,'TABELA POR HORA'!C5,COLAR!$AS:$AS,C31) -> 0 | D27: =COUNTIFS(COLAR!$AR:$AR,'TABELA POR HORA'!D5,COLAR!$AS:$AS,C31) -> 0 | E27: =COUNTIFS(COLAR!$AR:$AR,'TABELA POR HORA'!E5,COLAR!$AS:$AS,C31) -> 0 | F27: =COUNTIFS(COLAR!$AR:$AR,'TABELA POR HORA'!F5,COLAR!$AS:$AS,C31) -> 0 | G27: =COUNTIFS(COLAR!$AR:$AR,'TABELA POR HORA'!G5,COLAR!$AS:$AS,C31) -> 0 | H27: =COUNTIFS(COLAR!$AR:$AR,'TABELA POR HORA'!H5,COLAR!$AS:$AS,C31) -> 0 | I27: =COUNTIFS(COLAR!$AR:$AR,'TABELA POR HORA'!I5,COLAR!$AS:$AS,C31) -> 0 | J27: =COUNTIFS(COLAR!$AR:$AR,'TABELA POR HORA'!J5,COLAR!$AS:$AS,C31) -> 0 | L27: Azrael II | M27: =COUNTIFS(CAMISA!$AR:$AR,'TABELA POR HORA'!M5,CAMISA!$AS:$AS,C31) -> 0 | N27: =COUNTIFS(CAMISA!$AR:$AR,'TABELA POR HORA'!N5,CAMISA!$AS:$AS,C31) -> 0 | O27: =COUNTIFS(CAMISA!$AR:$AR,'TABELA POR HORA'!O5,CAMISA!$AS:$AS,C31) -> 0 | P27: =COUNTIFS(CAMISA!$AR:$AR,'TABELA POR HORA'!P5,CAMISA!$AS:$AS,C31) -> 0 | Q27: =COUNTIFS(CAMISA!$AR:$AR,'TABELA POR HORA'!Q5,CAMISA!$AS:$AS,C31) -> 0 | R27: =COUNTIFS(CAMISA!$AR:$AR,'TABELA POR HORA'!R5,CAMISA!$AS:$AS,C31) -> 0 | S27: =COUNTIFS(CAMISA!$AR:$AR,'TABELA POR HORA'!S5,CAMISA!$AS:$AS,C31) -> 0 | T27: =COUNTIFS(CAMISA!$AR:$AR,'TABELA POR HORA'!T5,CAMISA!$AS:$AS,C31) -> 0 | V27: Azrael II | W27: =COUNTIFS(BOTA!$AR:$AR,'TABELA POR HORA'!W5,BOTA!$AS:$AS,C31) -> 0 | X27: =COUNTIFS(BOTA!$AR:$AR,'TABELA POR HORA'!X5,BOTA!$AS:$AS,C31) -> 0 | Y27: =COUNTIFS(BOTA!$AR:$AR,'TABELA POR HORA'!Y5,BOTA!$AS:$AS,C31) -> 0 | Z27: =COUNTIFS(BOTA!$AR:$AR,'TABELA POR HORA'!Z5,BOTA!$AS:$AS,C31) -> 0 | AA27: =COUNTIFS(BOTA!$AR:$AR,'TABELA POR HORA'!AA5,BOTA!$AS:$AS,C31) -> 0 | AB27: =COUNTIFS(BOTA!$AR:$AR,'TABELA POR HORA'!AB5,BOTA!$AS:$AS,C31) -> 0 | AC27: =COUNTIFS(BOTA!$AR:$AR,'TABELA POR HORA'!AC5,BOTA!$AS:$AS,C31) -> 0 | AD27: =COUNTIFS(BOTA!$AR:$AR,'TABELA POR HORA'!AD5,BOTA!$AS:$AS,C31) -> 0
B28: Azrael III | C28: =COUNTIFS(COLAR!$AT:$AT,'TABELA POR HORA'!C5,COLAR!$AU:$AU,C31) -> 0 | D28: =COUNTIFS(COLAR!$AT:$AT,'TABELA POR HORA'!D5,COLAR!$AU:$AU,C31) -> 0 | E28: =COUNTIFS(COLAR!$AT:$AT,'TABELA POR HORA'!E5,COLAR!$AU:$AU,C31) -> 0 | F28: =COUNTIFS(COLAR!$AT:$AT,'TABELA POR HORA'!F5,COLAR!$AU:$AU,C31) -> 0 | G28: =COUNTIFS(COLAR!$AT:$AT,'TABELA POR HORA'!G5,COLAR!$AU:$AU,C31) -> 0 | H28: =COUNTIFS(COLAR!$AT:$AT,'TABELA POR HORA'!H5,COLAR!$AU:$AU,C31) -> 0 | I28: =COUNTIFS(COLAR!$AT:$AT,'TABELA POR HORA'!I5,COLAR!$AU:$AU,C31) -> 0 | J28: =COUNTIFS(COLAR!$AT:$AT,'TABELA POR HORA'!J5,COLAR!$AU:$AU,C31) -> 0 | L28: Azrael III | M28: =COUNTIFS(CAMISA!$AT:$AT,'TABELA POR HORA'!M5,CAMISA!$AU:$AU,C31) -> 0 | N28: =COUNTIFS(CAMISA!$AT:$AT,'TABELA POR HORA'!N5,CAMISA!$AU:$AU,C31) -> 0 | O28: =COUNTIFS(CAMISA!$AT:$AT,'TABELA POR HORA'!O5,CAMISA!$AU:$AU,C31) -> 0 | P28: =COUNTIFS(CAMISA!$AT:$AT,'TABELA POR HORA'!P5,CAMISA!$AU:$AU,C31) -> 0 | Q28: =COUNTIFS(CAMISA!$AT:$AT,'TABELA POR HORA'!Q5,CAMISA!$AU:$AU,C31) -> 0 | R28: =COUNTIFS(CAMISA!$AT:$AT,'TABELA POR HORA'!R5,CAMISA!$AU:$AU,C31) -> 0 | S28: =COUNTIFS(CAMISA!$AT:$AT,'TABELA POR HORA'!S5,CAMISA!$AU:$AU,C31) -> 0 | T28: =COUNTIFS(CAMISA!$AT:$AT,'TABELA POR HORA'!T5,CAMISA!$AU:$AU,C31) -> 0 | V28: Azrael III | W28: =COUNTIFS(BOTA!$AT:$AT,'TABELA POR HORA'!W5,BOTA!$AU:$AU,C31) -> 0 | X28: =COUNTIFS(BOTA!$AT:$AT,'TABELA POR HORA'!X5,BOTA!$AU:$AU,C31) -> 0 | Y28: =COUNTIFS(BOTA!$AT:$AT,'TABELA POR HORA'!Y5,BOTA!$AU:$AU,C31) -> 0 | Z28: =COUNTIFS(BOTA!$AT:$AT,'TABELA POR HORA'!Z5,BOTA!$AU:$AU,C31) -> 0 | AA28: =COUNTIFS(BOTA!$AT:$AT,'TABELA POR HORA'!AA5,BOTA!$AU:$AU,C31) -> 0 | AB28: =COUNTIFS(BOTA!$AT:$AT,'TABELA POR HORA'!AB5,BOTA!$AU:$AU,C31) -> 0 | AC28: =COUNTIFS(BOTA!$AT:$AT,'TABELA POR HORA'!AC5,BOTA!$AU:$AU,C31) -> 0 | AD28: =COUNTIFS(BOTA!$AT:$AT,'TABELA POR HORA'!AD5,BOTA!$AU:$AU,C31) -> 0
B29: Azrael IV | C29: =COUNTIFS(COLAR!$AV:$AV,'TABELA POR HORA'!C5,COLAR!$AW:$AW,C31) -> 0 | D29: =COUNTIFS(COLAR!$AV:$AV,'TABELA POR HORA'!D5,COLAR!$AW:$AW,C31) -> 0 | E29: =COUNTIFS(COLAR!$AV:$AV,'TABELA POR HORA'!E5,COLAR!$AW:$AW,C31) -> 0 | F29: =COUNTIFS(COLAR!$AV:$AV,'TABELA POR HORA'!F5,COLAR!$AW:$AW,C31) -> 0 | G29: =COUNTIFS(COLAR!$AV:$AV,'TABELA POR HORA'!G5,COLAR!$AW:$AW,C31) -> 1 | H29: =COUNTIFS(COLAR!$AV:$AV,'TABELA POR HORA'!H5,COLAR!$AW:$AW,C31) -> 0 | I29: =COUNTIFS(COLAR!$AV:$AV,'TABELA POR HORA'!I5,COLAR!$AW:$AW,C31) -> 0 | J29: =COUNTIFS(COLAR!$AV:$AV,'TABELA POR HORA'!J5,COLAR!$AW:$AW,C31) -> 0 | L29: Azrael IV | M29: =COUNTIFS(CAMISA!$AV:$AV,'TABELA POR HORA'!M5,CAMISA!$AW:$AW,C31) -> 0 | N29: =COUNTIFS(CAMISA!$AV:$AV,'TABELA POR HORA'!N5,CAMISA!$AW:$AW,C31) -> 0 | O29: =COUNTIFS(CAMISA!$AV:$AV,'TABELA POR HORA'!O5,CAMISA!$AW:$AW,C31) -> 0 | P29: =COUNTIFS(CAMISA!$AV:$AV,'TABELA POR HORA'!P5,CAMISA!$AW:$AW,C31) -> 0 | Q29: =COUNTIFS(CAMISA!$AV:$AV,'TABELA POR HORA'!Q5,CAMISA!$AW:$AW,C31) -> 0 | R29: =COUNTIFS(CAMISA!$AV:$AV,'TABELA POR HORA'!R5,CAMISA!$AW:$AW,C31) -> 0 | S29: =COUNTIFS(CAMISA!$AV:$AV,'TABELA POR HORA'!S5,CAMISA!$AW:$AW,C31) -> 0 | T29: =COUNTIFS(CAMISA!$AV:$AV,'TABELA POR HORA'!T5,CAMISA!$AW:$AW,C31) -> 0 | V29: Azrael IV | W29: =COUNTIFS(BOTA!$AV:$AV,'TABELA POR HORA'!W5,BOTA!$AW:$AW,C31) -> 0 | X29: =COUNTIFS(BOTA!$AV:$AV,'TABELA POR HORA'!X5,BOTA!$AW:$AW,C31) -> 0 | Y29: =COUNTIFS(BOTA!$AV:$AV,'TABELA POR HORA'!Y5,BOTA!$AW:$AW,C31) -> 0 | Z29: =COUNTIFS(BOTA!$AV:$AV,'TABELA POR HORA'!Z5,BOTA!$AW:$AW,C31) -> 0 | AA29: =COUNTIFS(BOTA!$AV:$AV,'TABELA POR HORA'!AA5,BOTA!$AW:$AW,C31) -> 0 | AB29: =COUNTIFS(BOTA!$AV:$AV,'TABELA POR HORA'!AB5,BOTA!$AW:$AW,C31) -> 0 | AC29: =COUNTIFS(BOTA!$AV:$AV,'TABELA POR HORA'!AC5,BOTA!$AW:$AW,C31) -> 0 | AD29: =COUNTIFS(BOTA!$AV:$AV,'TABELA POR HORA'!AD5,BOTA!$AW:$AW,C31) -> 0
B30: Azrael V | C30: =COUNTIFS(COLAR!$AX:$AX,'TABELA POR HORA'!C5,COLAR!$AY:$AY,C31) -> 0 | D30: =COUNTIFS(COLAR!$AX:$AX,'TABELA POR HORA'!D5,COLAR!$AY:$AY,C31) -> 0 | E30: =COUNTIFS(COLAR!$AX:$AX,'TABELA POR HORA'!E5,COLAR!$AY:$AY,C31) -> 0 | F30: =COUNTIFS(COLAR!$AX:$AX,'TABELA POR HORA'!F5,COLAR!$AY:$AY,C31) -> 0 | G30: =COUNTIFS(COLAR!$AX:$AX,'TABELA POR HORA'!G5,COLAR!$AY:$AY,C31) -> 0 | H30: =COUNTIFS(COLAR!$AX:$AX,'TABELA POR HORA'!H5,COLAR!$AY:$AY,C31) -> 0 | I30: =COUNTIFS(COLAR!$AX:$AX,'TABELA POR HORA'!I5,COLAR!$AY:$AY,C31) -> 0 | J30: =COUNTIFS(COLAR!$AX:$AX,'TABELA POR HORA'!J5,COLAR!$AY:$AY,C31) -> 0 | L30: Azrael V | M30: =COUNTIFS(CAMISA!$AX:$AX,'TABELA POR HORA'!M5,CAMISA!$AY:$AY,C31) -> 0 | N30: =COUNTIFS(CAMISA!$AX:$AX,'TABELA POR HORA'!N5,CAMISA!$AY:$AY,C31) -> 0 | O30: =COUNTIFS(CAMISA!$AX:$AX,'TABELA POR HORA'!O5,CAMISA!$AY:$AY,C31) -> 0 | P30: =COUNTIFS(CAMISA!$AX:$AX,'TABELA POR HORA'!P5,CAMISA!$AY:$AY,C31) -> 0 | Q30: =COUNTIFS(CAMISA!$AX:$AX,'TABELA POR HORA'!Q5,CAMISA!$AY:$AY,C31) -> 0 | R30: =COUNTIFS(CAMISA!$AX:$AX,'TABELA POR HORA'!R5,CAMISA!$AY:$AY,C31) -> 0 | S30: =COUNTIFS(CAMISA!$AX:$AX,'TABELA POR HORA'!S5,CAMISA!$AY:$AY,C31) -> 0 | T30: =COUNTIFS(CAMISA!$AX:$AX,'TABELA POR HORA'!T5,CAMISA!$AY:$AY,C31) -> 0 | V30: Azrael V | W30: =COUNTIFS(BOTA!$AX:$AX,'TABELA POR HORA'!W5,BOTA!$AY:$AY,C31) -> 0 | X30: =COUNTIFS(BOTA!$AX:$AX,'TABELA POR HORA'!X5,BOTA!$AY:$AY,C31) -> 0 | Y30: =COUNTIFS(BOTA!$AX:$AX,'TABELA POR HORA'!Y5,BOTA!$AY:$AY,C31) -> 0 | Z30: =COUNTIFS(BOTA!$AX:$AX,'TABELA POR HORA'!Z5,BOTA!$AY:$AY,C31) -> 1 | AA30: =COUNTIFS(BOTA!$AX:$AX,'TABELA POR HORA'!AA5,BOTA!$AY:$AY,C31) -> 0 | AB30: =COUNTIFS(BOTA!$AX:$AX,'TABELA POR HORA'!AB5,BOTA!$AY:$AY,C31) -> 0 | AC30: =COUNTIFS(BOTA!$AX:$AX,'TABELA POR HORA'!AC5,BOTA!$AY:$AY,C31) -> 0 | AD30: =COUNTIFS(BOTA!$AX:$AX,'TABELA POR HORA'!AD5,BOTA!$AY:$AY,C31) -> 0
A31: 0 | B31: HORA | C31: 0
B32: COLAR | C32: CHEFE | D32: ETERNID | E32: MARTE | F32: FINALID | G32: ORIGEM | H32: PILAR | I32: TROVÃO | J32: HO-OH | L32: CAMISA | M32: CHEFE | N32: ETERNID | O32: MARTE | P32: FINALID | Q32: ORIGEM | R32: PILAR | S32: TROVÃO | T32: HO-OH | V32: BOTA | W32: CHEFE | X32: ETERNID | Y32: MARTE | Z32: FINALID | AA32: ORIGEM | AB32: PILAR | AC32: TROVÃO | AD32: HO-OH
B33: Titânio I | C33: =IFERROR(IF(C6/(SUM(C6:J6))=0,"",C6/(SUM(C6:J6))),"") | D33: =IFERROR(IF(D6/(SUM(C6:J6))=0,"",D6/(SUM(C6:J6))),"") | E33: =IFERROR(IF(E6/(SUM(C6:J6))=0,"",E6/(SUM(C6:J6))),"") | F33: =IFERROR(IF(F6/(SUM(C6:J6))=0,"",F6/(SUM(C6:J6))),"") | G33: =IFERROR(IF(G6/(SUM(C6:J6))=0,"",G6/(SUM(C6:J6))),"") | H33: =IFERROR(IF(H6/(SUM(C6:J6))=0,"",H6/(SUM(C6:J6))),"") | I33: =IFERROR(IF(I6/(SUM(C6:J6))=0,"",I6/(SUM(C6:J6))),"") | J33: =IFERROR(IF(J6/(SUM(C6:J6))=0,"",J6/(SUM(C6:J6))),"") | L33: Titânio I | M33: =IFERROR(IF(M6/(SUM(M6:T6))=0,"",M6/(SUM(M6:T6))),"") | N33: =IFERROR(IF(N6/(SUM(M6:T6))=0,"",N6/(SUM(M6:T6))),"") | O33: =IFERROR(IF(O6/(SUM(M6:T6))=0,"",O6/(SUM(M6:T6))),"") | P33: =IFERROR(IF(P6/(SUM(M6:T6))=0,"",P6/(SUM(M6:T6))),"") | Q33: =IFERROR(IF(Q6/(SUM(M6:T6))=0,"",Q6/(SUM(M6:T6))),"") | R33: =IFERROR(IF(R6/(SUM(M6:T6))=0,"",R6/(SUM(M6:T6))),"") | S33: =IFERROR(IF(S6/(SUM(M6:T6))=0,"",S6/(SUM(M6:T6))),"") | T33: =IFERROR(IF(T6/(SUM(M6:T6))=0,"",T6/(SUM(M6:T6))),"") | V33: Titânio I | W33: =IFERROR(IF(W6/(SUM(W6:AD6))=0,"",W6/(SUM(W6:AD6))),"") | X33: =IFERROR(IF(X6/(SUM(W6:AD6))=0,"",X6/(SUM(W6:AD6))),"") | Y33: =IFERROR(IF(Y6/(SUM(W6:AD6))=0,"",Y6/(SUM(W6:AD6))),"") | Z33: =IFERROR(IF(Z6/(SUM(W6:AD6))=0,"",Z6/(SUM(W6:AD6))),"") | AA33: =IFERROR(IF(AA6/(SUM(W6:AD6))=0,"",AA6/(SUM(W6:AD6))),"") | AB33: =IFERROR(IF(AB6/(SUM(W6:AD6))=0,"",AB6/(SUM(W6:AD6))),"") | AC33: =IFERROR(IF(AC6/(SUM(W6:AD6))=0,"",AC6/(SUM(W6:AD6))),"") | AD33: =IFERROR(IF(AD6/(SUM(W6:AD6))=0,"",AD6/(SUM(W6:AD6))),"")
B34: Titânio II | C34: =IFERROR(IF(C7/(SUM(C7:J7))=0,"",C7/(SUM(C7:J7))),"") | D34: =IFERROR(IF(D7/(SUM(C7:J7))=0,"",D7/(SUM(C7:J7))),"") | E34: =IFERROR(IF(E7/(SUM(C7:J7))=0,"",E7/(SUM(C7:J7))),"") | F34: =IFERROR(IF(F7/(SUM(C7:J7))=0,"",F7/(SUM(C7:J7))),"") | G34: =IFERROR(IF(G7/(SUM(C7:J7))=0,"",G7/(SUM(C7:J7))),"") | H34: =IFERROR(IF(H7/(SUM(C7:J7))=0,"",H7/(SUM(C7:J7))),"") | I34: =IFERROR(IF(I7/(SUM(C7:J7))=0,"",I7/(SUM(C7:J7))),"") | J34: =IFERROR(IF(J7/(SUM(C7:J7))=0,"",J7/(SUM(C7:J7))),"") | L34: Titânio II | M34: =IFERROR(IF(M7/(SUM(M7:T7))=0,"",M7/(SUM(M7:T7))),"") | N34: =IFERROR(IF(N7/(SUM(M7:T7))=0,"",N7/(SUM(M7:T7))),"") | O34: =IFERROR(IF(O7/(SUM(M7:T7))=0,"",O7/(SUM(M7:T7))),"") | P34: =IFERROR(IF(P7/(SUM(M7:T7))=0,"",P7/(SUM(M7:T7))),"") | Q34: =IFERROR(IF(Q7/(SUM(M7:T7))=0,"",Q7/(SUM(M7:T7))),"") | R34: =IFERROR(IF(R7/(SUM(M7:T7))=0,"",R7/(SUM(M7:T7))),"") | S34: =IFERROR(IF(S7/(SUM(M7:T7))=0,"",S7/(SUM(M7:T7))),"") | T34: =IFERROR(IF(T7/(SUM(M7:T7))=0,"",T7/(SUM(M7:T7))),"") | V34: Titânio II | W34: =IFERROR(IF(W7/(SUM(W7:AD7))=0,"",W7/(SUM(W7:AD7))),"") | X34: =IFERROR(IF(X7/(SUM(W7:AD7))=0,"",X7/(SUM(W7:AD7))),"") | Y34: =IFERROR(IF(Y7/(SUM(W7:AD7))=0,"",Y7/(SUM(W7:AD7))),"") | Z34: =IFERROR(IF(Z7/(SUM(W7:AD7))=0,"",Z7/(SUM(W7:AD7))),"") | AA34: =IFERROR(IF(AA7/(SUM(W7:AD7))=0,"",AA7/(SUM(W7:AD7))),"") | AB34: =IFERROR(IF(AB7/(SUM(W7:AD7))=0,"",AB7/(SUM(W7:AD7))),"") | AC34: =IFERROR(IF(AC7/(SUM(W7:AD7))=0,"",AC7/(SUM(W7:AD7))),"") | AD34: =IFERROR(IF(AD7/(SUM(W7:AD7))=0,"",AD7/(SUM(W7:AD7))),"")
B35: Titânio III | C35: =IFERROR(IF(C8/(SUM(C8:J8))=0,"",C8/(SUM(C8:J8))),"") | D35: =IFERROR(IF(D8/(SUM(C8:J8))=0,"",D8/(SUM(C8:J8))),"") | E35: =IFERROR(IF(E8/(SUM(C8:J8))=0,"",E8/(SUM(C8:J8))),"") | F35: =IFERROR(IF(F8/(SUM(C8:J8))=0,"",F8/(SUM(C8:J8))),"") | G35: =IFERROR(IF(G8/(SUM(C8:J8))=0,"",G8/(SUM(C8:J8))),"") | H35: =IFERROR(IF(H8/(SUM(C8:J8))=0,"",H8/(SUM(C8:J8))),"") | I35: =IFERROR(IF(I8/(SUM(C8:J8))=0,"",I8/(SUM(C8:J8))),"") | J35: =IFERROR(IF(J8/(SUM(C8:J8))=0,"",J8/(SUM(C8:J8))),"") | L35: Titânio III | M35: =IFERROR(IF(M8/(SUM(M8:T8))=0,"",M8/(SUM(M8:T8))),"") | N35: =IFERROR(IF(N8/(SUM(M8:T8))=0,"",N8/(SUM(M8:T8))),"") | O35: =IFERROR(IF(O8/(SUM(M8:T8))=0,"",O8/(SUM(M8:T8))),"") | P35: =IFERROR(IF(P8/(SUM(M8:T8))=0,"",P8/(SUM(M8:T8))),"") | Q35: =IFERROR(IF(Q8/(SUM(M8:T8))=0,"",Q8/(SUM(M8:T8))),"") | R35: =IFERROR(IF(R8/(SUM(M8:T8))=0,"",R8/(SUM(M8:T8))),"") | S35: =IFERROR(IF(S8/(SUM(M8:T8))=0,"",S8/(SUM(M8:T8))),"") | T35: =IFERROR(IF(T8/(SUM(M8:T8))=0,"",T8/(SUM(M8:T8))),"") | V35: Titânio III | W35: =IFERROR(IF(W8/(SUM(W8:AD8))=0,"",W8/(SUM(W8:AD8))),"") | X35: =IFERROR(IF(X8/(SUM(W8:AD8))=0,"",X8/(SUM(W8:AD8))),"") | Y35: =IFERROR(IF(Y8/(SUM(W8:AD8))=0,"",Y8/(SUM(W8:AD8))),"") | Z35: =IFERROR(IF(Z8/(SUM(W8:AD8))=0,"",Z8/(SUM(W8:AD8))),"") | AA35: =IFERROR(IF(AA8/(SUM(W8:AD8))=0,"",AA8/(SUM(W8:AD8))),"") | AB35: =IFERROR(IF(AB8/(SUM(W8:AD8))=0,"",AB8/(SUM(W8:AD8))),"") | AC35: =IFERROR(IF(AC8/(SUM(W8:AD8))=0,"",AC8/(SUM(W8:AD8))),"") | AD35: =IFERROR(IF(AD8/(SUM(W8:AD8))=0,"",AD8/(SUM(W8:AD8))),"")
B36: Titânio IV | C36: =IFERROR(IF(C9/(SUM(C9:J9))=0,"",C9/(SUM(C9:J9))),"") | D36: =IFERROR(IF(D9/(SUM(C9:J9))=0,"",D9/(SUM(C9:J9))),"") | E36: =IFERROR(IF(E9/(SUM(C9:J9))=0,"",E9/(SUM(C9:J9))),"") | F36: =IFERROR(IF(F9/(SUM(C9:J9))=0,"",F9/(SUM(C9:J9))),"") | G36: =IFERROR(IF(G9/(SUM(C9:J9))=0,"",G9/(SUM(C9:J9))),"") | H36: =IFERROR(IF(H9/(SUM(C9:J9))=0,"",H9/(SUM(C9:J9))),"") | I36: =IFERROR(IF(I9/(SUM(C9:J9))=0,"",I9/(SUM(C9:J9))),"") | J36: =IFERROR(IF(J9/(SUM(C9:J9))=0,"",J9/(SUM(C9:J9))),"") | L36: Titânio IV | M36: =IFERROR(IF(M9/(SUM(M9:T9))=0,"",M9/(SUM(M9:T9))),"") | N36: =IFERROR(IF(N9/(SUM(M9:T9))=0,"",N9/(SUM(M9:T9))),"") | O36: =IFERROR(IF(O9/(SUM(M9:T9))=0,"",O9/(SUM(M9:T9))),"") | P36: =IFERROR(IF(P9/(SUM(M9:T9))=0,"",P9/(SUM(M9:T9))),"") -> 1 | Q36: =IFERROR(IF(Q9/(SUM(M9:T9))=0,"",Q9/(SUM(M9:T9))),"") | R36: =IFERROR(IF(R9/(SUM(M9:T9))=0,"",R9/(SUM(M9:T9))),"") | S36: =IFERROR(IF(S9/(SUM(M9:T9))=0,"",S9/(SUM(M9:T9))),"") | T36: =IFERROR(IF(T9/(SUM(M9:T9))=0,"",T9/(SUM(M9:T9))),"") | V36: Titânio IV | W36: =IFERROR(IF(W9/(SUM(W9:AD9))=0,"",W9/(SUM(W9:AD9))),"") | X36: =IFERROR(IF(X9/(SUM(W9:AD9))=0,"",X9/(SUM(W9:AD9))),"") | Y36: =IFERROR(IF(Y9/(SUM(W9:AD9))=0,"",Y9/(SUM(W9:AD9))),"") | Z36: =IFERROR(IF(Z9/(SUM(W9:AD9))=0,"",Z9/(SUM(W9:AD9))),"") | AA36: =IFERROR(IF(AA9/(SUM(W9:AD9))=0,"",AA9/(SUM(W9:AD9))),"") | AB36: =IFERROR(IF(AB9/(SUM(W9:AD9))=0,"",AB9/(SUM(W9:AD9))),"") | AC36: =IFERROR(IF(AC9/(SUM(W9:AD9))=0,"",AC9/(SUM(W9:AD9))),"") | AD36: =IFERROR(IF(AD9/(SUM(W9:AD9))=0,"",AD9/(SUM(W9:AD9))),"")
B37: Titânio V | C37: =IFERROR(IF(C10/(SUM(C10:J10))=0,"",C10/(SUM(C10:J10))),"") | D37: =IFERROR(IF(D10/(SUM(C10:J10))=0,"",D10/(SUM(C10:J10))),"") | E37: =IFERROR(IF(E10/(SUM(C10:J10))=0,"",E10/(SUM(C10:J10))),"") | F37: =IFERROR(IF(F10/(SUM(C10:J10))=0,"",F10/(SUM(C10:J10))),"") | G37: =IFERROR(IF(G10/(SUM(C10:J10))=0,"",G10/(SUM(C10:J10))),"") -> 1 | H37: =IFERROR(IF(H10/(SUM(C10:J10))=0,"",H10/(SUM(C10:J10))),"") | I37: =IFERROR(IF(I10/(SUM(C10:J10))=0,"",I10/(SUM(C10:J10))),"") | J37: =IFERROR(IF(J10/(SUM(C10:J10))=0,"",J10/(SUM(C10:J10))),"") | L37: Titânio V | M37: =IFERROR(IF(M10/(SUM(M10:T10))=0,"",M10/(SUM(M10:T10))),"") | N37: =IFERROR(IF(N10/(SUM(M10:T10))=0,"",N10/(SUM(M10:T10))),"") | O37: =IFERROR(IF(O10/(SUM(M10:T10))=0,"",O10/(SUM(M10:T10))),"") | P37: =IFERROR(IF(P10/(SUM(M10:T10))=0,"",P10/(SUM(M10:T10))),"") -> 1 | Q37: =IFERROR(IF(Q10/(SUM(M10:T10))=0,"",Q10/(SUM(M10:T10))),"") | R37: =IFERROR(IF(R10/(SUM(M10:T10))=0,"",R10/(SUM(M10:T10))),"") | S37: =IFERROR(IF(S10/(SUM(M10:T10))=0,"",S10/(SUM(M10:T10))),"") | T37: =IFERROR(IF(T10/(SUM(M10:T10))=0,"",T10/(SUM(M10:T10))),"") | V37: Titânio V | W37: =IFERROR(IF(W10/(SUM(W10:AD10))=0,"",W10/(SUM(W10:AD10))),"") | X37: =IFERROR(IF(X10/(SUM(W10:AD10))=0,"",X10/(SUM(W10:AD10))),"") | Y37: =IFERROR(IF(Y10/(SUM(W10:AD10))=0,"",Y10/(SUM(W10:AD10))),"") -> 1 | Z37: =IFERROR(IF(Z10/(SUM(W10:AD10))=0,"",Z10/(SUM(W10:AD10))),"") | AA37: =IFERROR(IF(AA10/(SUM(W10:AD10))=0,"",AA10/(SUM(W10:AD10))),"") | AB37: =IFERROR(IF(AB10/(SUM(W10:AD10))=0,"",AB10/(SUM(W10:AD10))),"") | AC37: =IFERROR(IF(AC10/(SUM(W10:AD10))=0,"",AC10/(SUM(W10:AD10))),"") | AD37: =IFERROR(IF(AD10/(SUM(W10:AD10))=0,"",AD10/(SUM(W10:AD10))),"")
B38: Estrelar I | C38: =IFERROR(IF(C11/(SUM(C11:J11))=0,"",C11/(SUM(C11:J11))),"") | D38: =IFERROR(IF(D11/(SUM(C11:J11))=0,"",D11/(SUM(C11:J11))),"") | E38: =IFERROR(IF(E11/(SUM(C11:J11))=0,"",E11/(SUM(C11:J11))),"") | F38: =IFERROR(IF(F11/(SUM(C11:J11))=0,"",F11/(SUM(C11:J11))),"") | G38: =IFERROR(IF(G11/(SUM(C11:J11))=0,"",G11/(SUM(C11:J11))),"") | H38: =IFERROR(IF(H11/(SUM(C11:J11))=0,"",H11/(SUM(C11:J11))),"") | I38: =IFERROR(IF(I11/(SUM(C11:J11))=0,"",I11/(SUM(C11:J11))),"") | J38: =IFERROR(IF(J11/(SUM(C11:J11))=0,"",J11/(SUM(C11:J11))),"") | L38: Estrelar I | M38: =IFERROR(IF(M11/(SUM(M11:T11))=0,"",M11/(SUM(M11:T11))),"") | N38: =IFERROR(IF(N11/(SUM(M11:T11))=0,"",N11/(SUM(M11:T11))),"") | O38: =IFERROR(IF(O11/(SUM(M11:T11))=0,"",O11/(SUM(M11:T11))),"") | P38: =IFERROR(IF(P11/(SUM(M11:T11))=0,"",P11/(SUM(M11:T11))),"") | Q38: =IFERROR(IF(Q11/(SUM(M11:T11))=0,"",Q11/(SUM(M11:T11))),"") | R38: =IFERROR(IF(R11/(SUM(M11:T11))=0,"",R11/(SUM(M11:T11))),"") | S38: =IFERROR(IF(S11/(SUM(M11:T11))=0,"",S11/(SUM(M11:T11))),"") | T38: =IFERROR(IF(T11/(SUM(M11:T11))=0,"",T11/(SUM(M11:T11))),"") | V38: Estrelar I | W38: =IFERROR(IF(W11/(SUM(W11:AD11))=0,"",W11/(SUM(W11:AD11))),"") | X38: =IFERROR(IF(X11/(SUM(W11:AD11))=0,"",X11/(SUM(W11:AD11))),"") | Y38: =IFERROR(IF(Y11/(SUM(W11:AD11))=0,"",Y11/(SUM(W11:AD11))),"") | Z38: =IFERROR(IF(Z11/(SUM(W11:AD11))=0,"",Z11/(SUM(W11:AD11))),"") | AA38: =IFERROR(IF(AA11/(SUM(W11:AD11))=0,"",AA11/(SUM(W11:AD11))),"") | AB38: =IFERROR(IF(AB11/(SUM(W11:AD11))=0,"",AB11/(SUM(W11:AD11))),"") | AC38: =IFERROR(IF(AC11/(SUM(W11:AD11))=0,"",AC11/(SUM(W11:AD11))),"") | AD38: =IFERROR(IF(AD11/(SUM(W11:AD11))=0,"",AD11/(SUM(W11:AD11))),"")
B39: Estrelar II | C39: =IFERROR(IF(C12/(SUM(C12:J12))=0,"",C12/(SUM(C12:J12))),"") | D39: =IFERROR(IF(D12/(SUM(C12:J12))=0,"",D12/(SUM(C12:J12))),"") | E39: =IFERROR(IF(E12/(SUM(C12:J12))=0,"",E12/(SUM(C12:J12))),"") | F39: =IFERROR(IF(F12/(SUM(C12:J12))=0,"",F12/(SUM(C12:J12))),"") | G39: =IFERROR(IF(G12/(SUM(C12:J12))=0,"",G12/(SUM(C12:J12))),"") | H39: =IFERROR(IF(H12/(SUM(C12:J12))=0,"",H12/(SUM(C12:J12))),"") | I39: =IFERROR(IF(I12/(SUM(C12:J12))=0,"",I12/(SUM(C12:J12))),"") | J39: =IFERROR(IF(J12/(SUM(C12:J12))=0,"",J12/(SUM(C12:J12))),"") | L39: Estrelar II | M39: =IFERROR(IF(M12/(SUM(M12:T12))=0,"",M12/(SUM(M12:T12))),"") | N39: =IFERROR(IF(N12/(SUM(M12:T12))=0,"",N12/(SUM(M12:T12))),"") | O39: =IFERROR(IF(O12/(SUM(M12:T12))=0,"",O12/(SUM(M12:T12))),"") | P39: =IFERROR(IF(P12/(SUM(M12:T12))=0,"",P12/(SUM(M12:T12))),"") | Q39: =IFERROR(IF(Q12/(SUM(M12:T12))=0,"",Q12/(SUM(M12:T12))),"") | R39: =IFERROR(IF(R12/(SUM(M12:T12))=0,"",R12/(SUM(M12:T12))),"") | S39: =IFERROR(IF(S12/(SUM(M12:T12))=0,"",S12/(SUM(M12:T12))),"") | T39: =IFERROR(IF(T12/(SUM(M12:T12))=0,"",T12/(SUM(M12:T12))),"") | V39: Estrelar II | W39: =IFERROR(IF(W12/(SUM(W12:AD12))=0,"",W12/(SUM(W12:AD12))),"") | X39: =IFERROR(IF(X12/(SUM(W12:AD12))=0,"",X12/(SUM(W12:AD12))),"") | Y39: =IFERROR(IF(Y12/(SUM(W12:AD12))=0,"",Y12/(SUM(W12:AD12))),"") | Z39: =IFERROR(IF(Z12/(SUM(W12:AD12))=0,"",Z12/(SUM(W12:AD12))),"") | AA39: =IFERROR(IF(AA12/(SUM(W12:AD12))=0,"",AA12/(SUM(W12:AD12))),"") | AB39: =IFERROR(IF(AB12/(SUM(W12:AD12))=0,"",AB12/(SUM(W12:AD12))),"") | AC39: =IFERROR(IF(AC12/(SUM(W12:AD12))=0,"",AC12/(SUM(W12:AD12))),"") | AD39: =IFERROR(IF(AD12/(SUM(W12:AD12))=0,"",AD12/(SUM(W12:AD12))),"")
B40: Estrelar III | C40: =IFERROR(IF(C13/(SUM(C13:J13))=0,"",C13/(SUM(C13:J13))),"") | D40: =IFERROR(IF(D13/(SUM(C13:J13))=0,"",D13/(SUM(C13:J13))),"") | E40: =IFERROR(IF(E13/(SUM(C13:J13))=0,"",E13/(SUM(C13:J13))),"") | F40: =IFERROR(IF(F13/(SUM(C13:J13))=0,"",F13/(SUM(C13:J13))),"") | G40: =IFERROR(IF(G13/(SUM(C13:J13))=0,"",G13/(SUM(C13:J13))),"") | H40: =IFERROR(IF(H13/(SUM(C13:J13))=0,"",H13/(SUM(C13:J13))),"") | I40: =IFERROR(IF(I13/(SUM(C13:J13))=0,"",I13/(SUM(C13:J13))),"") | J40: =IFERROR(IF(J13/(SUM(C13:J13))=0,"",J13/(SUM(C13:J13))),"") | L40: Estrelar III | M40: =IFERROR(IF(M13/(SUM(M13:T13))=0,"",M13/(SUM(M13:T13))),"") | N40: =IFERROR(IF(N13/(SUM(M13:T13))=0,"",N13/(SUM(M13:T13))),"") | O40: =IFERROR(IF(O13/(SUM(M13:T13))=0,"",O13/(SUM(M13:T13))),"") | P40: =IFERROR(IF(P13/(SUM(M13:T13))=0,"",P13/(SUM(M13:T13))),"") | Q40: =IFERROR(IF(Q13/(SUM(M13:T13))=0,"",Q13/(SUM(M13:T13))),"") | R40: =IFERROR(IF(R13/(SUM(M13:T13))=0,"",R13/(SUM(M13:T13))),"") | S40: =IFERROR(IF(S13/(SUM(M13:T13))=0,"",S13/(SUM(M13:T13))),"") | T40: =IFERROR(IF(T13/(SUM(M13:T13))=0,"",T13/(SUM(M13:T13))),"") | V40: Estrelar III | W40: =IFERROR(IF(W13/(SUM(W13:AD13))=0,"",W13/(SUM(W13:AD13))),"") | X40: =IFERROR(IF(X13/(SUM(W13:AD13))=0,"",X13/(SUM(W13:AD13))),"") | Y40: =IFERROR(IF(Y13/(SUM(W13:AD13))=0,"",Y13/(SUM(W13:AD13))),"") | Z40: =IFERROR(IF(Z13/(SUM(W13:AD13))=0,"",Z13/(SUM(W13:AD13))),"") | AA40: =IFERROR(IF(AA13/(SUM(W13:AD13))=0,"",AA13/(SUM(W13:AD13))),"") | AB40: =IFERROR(IF(AB13/(SUM(W13:AD13))=0,"",AB13/(SUM(W13:AD13))),"") | AC40: =IFERROR(IF(AC13/(SUM(W13:AD13))=0,"",AC13/(SUM(W13:AD13))),"") | AD40: =IFERROR(IF(AD13/(SUM(W13:AD13))=0,"",AD13/(SUM(W13:AD13))),"")
B41: Estrelar IV | C41: =IFERROR(IF(C14/(SUM(C14:J14))=0,"",C14/(SUM(C14:J14))),"") | D41: =IFERROR(IF(D14/(SUM(C14:J14))=0,"",D14/(SUM(C14:J14))),"") | E41: =IFERROR(IF(E14/(SUM(C14:J14))=0,"",E14/(SUM(C14:J14))),"") | F41: =IFERROR(IF(F14/(SUM(C14:J14))=0,"",F14/(SUM(C14:J14))),"") | G41: =IFERROR(IF(G14/(SUM(C14:J14))=0,"",G14/(SUM(C14:J14))),"") | H41: =IFERROR(IF(H14/(SUM(C14:J14))=0,"",H14/(SUM(C14:J14))),"") | I41: =IFERROR(IF(I14/(SUM(C14:J14))=0,"",I14/(SUM(C14:J14))),"") | J41: =IFERROR(IF(J14/(SUM(C14:J14))=0,"",J14/(SUM(C14:J14))),"") | L41: Estrelar IV | M41: =IFERROR(IF(M14/(SUM(M14:T14))=0,"",M14/(SUM(M14:T14))),"") | N41: =IFERROR(IF(N14/(SUM(M14:T14))=0,"",N14/(SUM(M14:T14))),"") | O41: =IFERROR(IF(O14/(SUM(M14:T14))=0,"",O14/(SUM(M14:T14))),"") | P41: =IFERROR(IF(P14/(SUM(M14:T14))=0,"",P14/(SUM(M14:T14))),"") | Q41: =IFERROR(IF(Q14/(SUM(M14:T14))=0,"",Q14/(SUM(M14:T14))),"") | R41: =IFERROR(IF(R14/(SUM(M14:T14))=0,"",R14/(SUM(M14:T14))),"") | S41: =IFERROR(IF(S14/(SUM(M14:T14))=0,"",S14/(SUM(M14:T14))),"") | T41: =IFERROR(IF(T14/(SUM(M14:T14))=0,"",T14/(SUM(M14:T14))),"") | V41: Estrelar IV | W41: =IFERROR(IF(W14/(SUM(W14:AD14))=0,"",W14/(SUM(W14:AD14))),"") | X41: =IFERROR(IF(X14/(SUM(W14:AD14))=0,"",X14/(SUM(W14:AD14))),"") | Y41: =IFERROR(IF(Y14/(SUM(W14:AD14))=0,"",Y14/(SUM(W14:AD14))),"") | Z41: =IFERROR(IF(Z14/(SUM(W14:AD14))=0,"",Z14/(SUM(W14:AD14))),"") | AA41: =IFERROR(IF(AA14/(SUM(W14:AD14))=0,"",AA14/(SUM(W14:AD14))),"") | AB41: =IFERROR(IF(AB14/(SUM(W14:AD14))=0,"",AB14/(SUM(W14:AD14))),"") | AC41: =IFERROR(IF(AC14/(SUM(W14:AD14))=0,"",AC14/(SUM(W14:AD14))),"") | AD41: =IFERROR(IF(AD14/(SUM(W14:AD14))=0,"",AD14/(SUM(W14:AD14))),"")
B42: Estrelar V | C42: =IFERROR(IF(C15/(SUM(C15:J15))=0,"",C15/(SUM(C15:J15))),"") | D42: =IFERROR(IF(D15/(SUM(C15:J15))=0,"",D15/(SUM(C15:J15))),"") | E42: =IFERROR(IF(E15/(SUM(C15:J15))=0,"",E15/(SUM(C15:J15))),"") | F42: =IFERROR(IF(F15/(SUM(C15:J15))=0,"",F15/(SUM(C15:J15))),"") | G42: =IFERROR(IF(G15/(SUM(C15:J15))=0,"",G15/(SUM(C15:J15))),"") | H42: =IFERROR(IF(H15/(SUM(C15:J15))=0,"",H15/(SUM(C15:J15))),"") | I42: =IFERROR(IF(I15/(SUM(C15:J15))=0,"",I15/(SUM(C15:J15))),"") | J42: =IFERROR(IF(J15/(SUM(C15:J15))=0,"",J15/(SUM(C15:J15))),"") | L42: Estrelar V | M42: =IFERROR(IF(M15/(SUM(M15:T15))=0,"",M15/(SUM(M15:T15))),"") | N42: =IFERROR(IF(N15/(SUM(M15:T15))=0,"",N15/(SUM(M15:T15))),"") | O42: =IFERROR(IF(O15/(SUM(M15:T15))=0,"",O15/(SUM(M15:T15))),"") | P42: =IFERROR(IF(P15/(SUM(M15:T15))=0,"",P15/(SUM(M15:T15))),"") | Q42: =IFERROR(IF(Q15/(SUM(M15:T15))=0,"",Q15/(SUM(M15:T15))),"") | R42: =IFERROR(IF(R15/(SUM(M15:T15))=0,"",R15/(SUM(M15:T15))),"") | S42: =IFERROR(IF(S15/(SUM(M15:T15))=0,"",S15/(SUM(M15:T15))),"") | T42: =IFERROR(IF(T15/(SUM(M15:T15))=0,"",T15/(SUM(M15:T15))),"") | V42: Estrelar V | W42: =IFERROR(IF(W15/(SUM(W15:AD15))=0,"",W15/(SUM(W15:AD15))),"") | X42: =IFERROR(IF(X15/(SUM(W15:AD15))=0,"",X15/(SUM(W15:AD15))),"") | Y42: =IFERROR(IF(Y15/(SUM(W15:AD15))=0,"",Y15/(SUM(W15:AD15))),"") | Z42: =IFERROR(IF(Z15/(SUM(W15:AD15))=0,"",Z15/(SUM(W15:AD15))),"") | AA42: =IFERROR(IF(AA15/(SUM(W15:AD15))=0,"",AA15/(SUM(W15:AD15))),"") | AB42: =IFERROR(IF(AB15/(SUM(W15:AD15))=0,"",AB15/(SUM(W15:AD15))),"") | AC42: =IFERROR(IF(AC15/(SUM(W15:AD15))=0,"",AC15/(SUM(W15:AD15))),"") | AD42: =IFERROR(IF(AD15/(SUM(W15:AD15))=0,"",AD15/(SUM(W15:AD15))),"")
B43: Sacrifício I | C43: =IFERROR(IF(C16/(SUM(C16:J16))=0,"",C16/(SUM(C16:J16))),"") | D43: =IFERROR(IF(D16/(SUM(C16:J16))=0,"",D16/(SUM(C16:J16))),"") | E43: =IFERROR(IF(E16/(SUM(C16:J16))=0,"",E16/(SUM(C16:J16))),"") | F43: =IFERROR(IF(F16/(SUM(C16:J16))=0,"",F16/(SUM(C16:J16))),"") | G43: =IFERROR(IF(G16/(SUM(C16:J16))=0,"",G16/(SUM(C16:J16))),"") | H43: =IFERROR(IF(H16/(SUM(C16:J16))=0,"",H16/(SUM(C16:J16))),"") | I43: =IFERROR(IF(I16/(SUM(C16:J16))=0,"",I16/(SUM(C16:J16))),"") | J43: =IFERROR(IF(J16/(SUM(C16:J16))=0,"",J16/(SUM(C16:J16))),"") | L43: Sacrifício I | M43: =IFERROR(IF(M16/(SUM(M16:T16))=0,"",M16/(SUM(M16:T16))),"") | N43: =IFERROR(IF(N16/(SUM(M16:T16))=0,"",N16/(SUM(M16:T16))),"") | O43: =IFERROR(IF(O16/(SUM(M16:T16))=0,"",O16/(SUM(M16:T16))),"") | P43: =IFERROR(IF(P16/(SUM(M16:T16))=0,"",P16/(SUM(M16:T16))),"") | Q43: =IFERROR(IF(Q16/(SUM(M16:T16))=0,"",Q16/(SUM(M16:T16))),"") | R43: =IFERROR(IF(R16/(SUM(M16:T16))=0,"",R16/(SUM(M16:T16))),"") | S43: =IFERROR(IF(S16/(SUM(M16:T16))=0,"",S16/(SUM(M16:T16))),"") | T43: =IFERROR(IF(T16/(SUM(M16:T16))=0,"",T16/(SUM(M16:T16))),"") | V43: Sacrifício I | W43: =IFERROR(IF(W16/(SUM(W16:AD16))=0,"",W16/(SUM(W16:AD16))),"") | X43: =IFERROR(IF(X16/(SUM(W16:AD16))=0,"",X16/(SUM(W16:AD16))),"") | Y43: =IFERROR(IF(Y16/(SUM(W16:AD16))=0,"",Y16/(SUM(W16:AD16))),"") | Z43: =IFERROR(IF(Z16/(SUM(W16:AD16))=0,"",Z16/(SUM(W16:AD16))),"") | AA43: =IFERROR(IF(AA16/(SUM(W16:AD16))=0,"",AA16/(SUM(W16:AD16))),"") | AB43: =IFERROR(IF(AB16/(SUM(W16:AD16))=0,"",AB16/(SUM(W16:AD16))),"") | AC43: =IFERROR(IF(AC16/(SUM(W16:AD16))=0,"",AC16/(SUM(W16:AD16))),"") | AD43: =IFERROR(IF(AD16/(SUM(W16:AD16))=0,"",AD16/(SUM(W16:AD16))),"")
B44: Sacrifício II | C44: =IFERROR(IF(C17/(SUM(C17:J17))=0,"",C17/(SUM(C17:J17))),"") | D44: =IFERROR(IF(D17/(SUM(C17:J17))=0,"",D17/(SUM(C17:J17))),"") | E44: =IFERROR(IF(E17/(SUM(C17:J17))=0,"",E17/(SUM(C17:J17))),"") | F44: =IFERROR(IF(F17/(SUM(C17:J17))=0,"",F17/(SUM(C17:J17))),"") | G44: =IFERROR(IF(G17/(SUM(C17:J17))=0,"",G17/(SUM(C17:J17))),"") | H44: =IFERROR(IF(H17/(SUM(C17:J17))=0,"",H17/(SUM(C17:J17))),"") | I44: =IFERROR(IF(I17/(SUM(C17:J17))=0,"",I17/(SUM(C17:J17))),"") | J44: =IFERROR(IF(J17/(SUM(C17:J17))=0,"",J17/(SUM(C17:J17))),"") | L44: Sacrifício II | M44: =IFERROR(IF(M17/(SUM(M17:T17))=0,"",M17/(SUM(M17:T17))),"") | N44: =IFERROR(IF(N17/(SUM(M17:T17))=0,"",N17/(SUM(M17:T17))),"") | O44: =IFERROR(IF(O17/(SUM(M17:T17))=0,"",O17/(SUM(M17:T17))),"") | P44: =IFERROR(IF(P17/(SUM(M17:T17))=0,"",P17/(SUM(M17:T17))),"") | Q44: =IFERROR(IF(Q17/(SUM(M17:T17))=0,"",Q17/(SUM(M17:T17))),"") | R44: =IFERROR(IF(R17/(SUM(M17:T17))=0,"",R17/(SUM(M17:T17))),"") | S44: =IFERROR(IF(S17/(SUM(M17:T17))=0,"",S17/(SUM(M17:T17))),"") | T44: =IFERROR(IF(T17/(SUM(M17:T17))=0,"",T17/(SUM(M17:T17))),"") -> 1 | V44: Sacrifício II | W44: =IFERROR(IF(W17/(SUM(W17:AD17))=0,"",W17/(SUM(W17:AD17))),"") | X44: =IFERROR(IF(X17/(SUM(W17:AD17))=0,"",X17/(SUM(W17:AD17))),"") | Y44: =IFERROR(IF(Y17/(SUM(W17:AD17))=0,"",Y17/(SUM(W17:AD17))),"") | Z44: =IFERROR(IF(Z17/(SUM(W17:AD17))=0,"",Z17/(SUM(W17:AD17))),"") | AA44: =IFERROR(IF(AA17/(SUM(W17:AD17))=0,"",AA17/(SUM(W17:AD17))),"") | AB44: =IFERROR(IF(AB17/(SUM(W17:AD17))=0,"",AB17/(SUM(W17:AD17))),"") | AC44: =IFERROR(IF(AC17/(SUM(W17:AD17))=0,"",AC17/(SUM(W17:AD17))),"") | AD44: =IFERROR(IF(AD17/(SUM(W17:AD17))=0,"",AD17/(SUM(W17:AD17))),"")
... B57: Azrael V | C57: =IFERROR(IF(C30/(SUM(C30:J30))=0,"",C30/(SUM(C30:J30))),"") | D57: =IFERROR(IF(D30/(SUM(C30:J30))=0,"",D30/(SUM(C30:J30))),"") | E57: =IFERROR(IF(E30/(SUM(C30:J30))=0,"",E30/(SUM(C30:J30))),"") | F57: =IFERROR(IF(F30/(SUM(C30:J30))=0,"",F30/(SUM(C30:J30))),"") | G57: =IFERROR(IF(G30/(SUM(C30:J30))=0,"",G30/(SUM(C30:J30))),"") | H57: =IFERROR(IF(H30/(SUM(C30:J30))=0,"",H30/(SUM(C30:J30))),"") | I57: =IFERROR(IF(I30/(SUM(C30:J30))=0,"",I30/(SUM(C30:J30))),"") | J57: =IFERROR(IF(J30/(SUM(C30:J30))=0,"",J30/(SUM(C30:J30))),"") | L57: Azrael V | M57: =IFERROR(IF(M30/(SUM(M30:T30))=0,"",M30/(SUM(M30:T30))),"") | N57: =IFERROR(IF(N30/(SUM(M30:T30))=0,"",N30/(SUM(M30:T30))),"") | O57: =IFERROR(IF(O30/(SUM(M30:T30))=0,"",O30/(SUM(M30:T30))),"") | P57: =IFERROR(IF(P30/(SUM(M30:T30))=0,"",P30/(SUM(M30:T30))),"") | Q57: =IFERROR(IF(Q30/(SUM(M30:T30))=0,"",Q30/(SUM(M30:T30))),"") | R57: =IFERROR(IF(R30/(SUM(M30:T30))=0,"",R30/(SUM(M30:T30))),"") | S57: =IFERROR(IF(S30/(SUM(M30:T30))=0,"",S30/(SUM(M30:T30))),"") | T57: =IFERROR(IF(T30/(SUM(M30:T30))=0,"",T30/(SUM(M30:T30))),"") | V57: Azrael V | W57: =IFERROR(IF(W30/(SUM(W30:AD30))=0,"",W30/(SUM(W30:AD30))),"") | X57: =IFERROR(IF(X30/(SUM(W30:AD30))=0,"",X30/(SUM(W30:AD30))),"") | Y57: =IFERROR(IF(Y30/(SUM(W30:AD30))=0,"",Y30/(SUM(W30:AD30))),"") | Z57: =IFERROR(IF(Z30/(SUM(W30:AD30))=0,"",Z30/(SUM(W30:AD30))),"") -> 1 | AA57: =IFERROR(IF(AA30/(SUM(W30:AD30))=0,"",AA30/(SUM(W30:AD30))),"") | AB57: =IFERROR(IF(AB30/(SUM(W30:AD30))=0,"",AB30/(SUM(W30:AD30))),"") | AC57: =IFERROR(IF(AC30/(SUM(W30:AD30))=0,"",AC30/(SUM(W30:AD30))),"") | AD57: =IFERROR(IF(AD30/(SUM(W30:AD30))=0,"",AD30/(SUM(W30:AD30))),"")
B60: COLAR | C60: CHEFE | D60: ETERNID | E60: MARTE | F60: FINALID | G60: ORIGEM | H60: PILAR | I60: TROVÃO | J60: HO-OH | L60: CAMISA | M60: CHEFE | N60: ETERNID | O60: MARTE | P60: FINALID | Q60: ORIGEM | R60: PILAR | S60: TROVÃO | T60: HO-OH | V60: BOTA | W60: CHEFE | X60: ETERNID | Y60: MARTE | Z60: FINALID | AA60: ORIGEM | AB60: PILAR | AC60: TROVÃO | AD60: HO-OH
B61: Titânio I | C61: =COUNTIFS(COLAR!$B:$B,'TABELA POR HORA'!C60,COLAR!$C:$C,C86) -> 0 | D61: =COUNTIFS(COLAR!$B:$B,'TABELA POR HORA'!D60,COLAR!$C:$C,C86) -> 0 | E61: =COUNTIFS(COLAR!$B:$B,'TABELA POR HORA'!E60,COLAR!$C:$C,C86) -> 0 | F61: =COUNTIFS(COLAR!$B:$B,'TABELA POR HORA'!F60,COLAR!$C:$C,C86) -> 0 | G61: =COUNTIFS(COLAR!$B:$B,'TABELA POR HORA'!G60,COLAR!$C:$C,C86) -> 0 | H61: =COUNTIFS(COLAR!$B:$B,'TABELA POR HORA'!H60,COLAR!$C:$C,C86) -> 0 | I61: =COUNTIFS(COLAR!$B:$B,'TABELA POR HORA'!I60,COLAR!$C:$C,C86) -> 0 | J61: =COUNTIFS(COLAR!$B:$B,'TABELA POR HORA'!J60,COLAR!$C:$C,C86) -> 0 | L61: Titânio I | M61: =COUNTIFS(CAMISA!$B:$B,'TABELA POR HORA'!M60,CAMISA!$C:$C,C86) -> 0 | N61: =COUNTIFS(CAMISA!$B:$B,'TABELA POR HORA'!N60,CAMISA!$C:$C,C86) -> 0 | O61: =COUNTIFS(CAMISA!$B:$B,'TABELA POR HORA'!O60,CAMISA!$C:$C,C86) -> 0 | P61: =COUNTIFS(CAMISA!$B:$B,'TABELA POR HORA'!P60,CAMISA!$C:$C,C86) -> 0 | Q61: =COUNTIFS(CAMISA!$B:$B,'TABELA POR HORA'!Q60,CAMISA!$C:$C,C86) -> 0 | R61: =COUNTIFS(CAMISA!$B:$B,'TABELA POR HORA'!R60,CAMISA!$C:$C,C86) -> 0 | S61: =COUNTIFS(CAMISA!$B:$B,'TABELA POR HORA'!S60,CAMISA!$C:$C,C86) -> 0 | T61: =COUNTIFS(CAMISA!$B:$B,'TABELA POR HORA'!T60,CAMISA!$C:$C,C86) -> 0 | V61: Titânio I | W61: =COUNTIFS(BOTA!$B:$B,'TABELA POR HORA'!W60,BOTA!$C:$C,C86) -> 0 | X61: =COUNTIFS(BOTA!$B:$B,'TABELA POR HORA'!X60,BOTA!$C:$C,C86) -> 0 | Y61: =COUNTIFS(BOTA!$B:$B,'TABELA POR HORA'!Y60,BOTA!$C:$C,C86) -> 0 | Z61: =COUNTIFS(BOTA!$B:$B,'TABELA POR HORA'!Z60,BOTA!$C:$C,C86) -> 0 | AA61: =COUNTIFS(BOTA!$B:$B,'TABELA POR HORA'!AA60,BOTA!$C:$C,C86) -> 0 | AB61: =COUNTIFS(BOTA!$B:$B,'TABELA POR HORA'!AB60,BOTA!$C:$C,C86) -> 0 | AC61: =COUNTIFS(BOTA!$B:$B,'TABELA POR HORA'!AC60,BOTA!$C:$C,C86) -> 0 | AD61: =COUNTIFS(BOTA!$B:$B,'TABELA POR HORA'!AD60,BOTA!$C:$C,C86) -> 0
B62: Titânio II | C62: =COUNTIFS(COLAR!$D:$D,'TABELA POR HORA'!C60,COLAR!$E:$E,C86) -> 0 | D62: =COUNTIFS(COLAR!$D:$D,'TABELA POR HORA'!D60,COLAR!$E:$E,C86) -> 0 | E62: =COUNTIFS(COLAR!$D:$D,'TABELA POR HORA'!E60,COLAR!$E:$E,C86) -> 0 | F62: =COUNTIFS(COLAR!$D:$D,'TABELA POR HORA'!F60,COLAR!$E:$E,C86) -> 0 | G62: =COUNTIFS(COLAR!$D:$D,'TABELA POR HORA'!G60,COLAR!$E:$E,C86) -> 0 | H62: =COUNTIFS(COLAR!$D:$D,'TABELA POR HORA'!H60,COLAR!$E:$E,C86) -> 0 | I62: =COUNTIFS(COLAR!$D:$D,'TABELA POR HORA'!I60,COLAR!$E:$E,C86) -> 0 | J62: =COUNTIFS(COLAR!$D:$D,'TABELA POR HORA'!J60,COLAR!$E:$E,C86) -> 0 | L62: Titânio II | M62: =COUNTIFS(CAMISA!$D:$D,'TABELA POR HORA'!M60,CAMISA!$E:$E,C86) -> 0 | N62: =COUNTIFS(CAMISA!$D:$D,'TABELA POR HORA'!N60,CAMISA!$E:$E,C86) -> 0 | O62: =COUNTIFS(CAMISA!$D:$D,'TABELA POR HORA'!O60,CAMISA!$E:$E,C86) -> 0 | P62: =COUNTIFS(CAMISA!$D:$D,'TABELA POR HORA'!P60,CAMISA!$E:$E,C86) -> 0 | Q62: =COUNTIFS(CAMISA!$D:$D,'TABELA POR HORA'!Q60,CAMISA!$E:$E,C86) -> 0 | R62: =COUNTIFS(CAMISA!$D:$D,'TABELA POR HORA'!R60,CAMISA!$E:$E,C86) -> 0 | S62: =COUNTIFS(CAMISA!$D:$D,'TABELA POR HORA'!S60,CAMISA!$E:$E,C86) -> 0 | T62: =COUNTIFS(CAMISA!$D:$D,'TABELA POR HORA'!T60,CAMISA!$E:$E,C86) -> 0 | V62: Titânio II | W62: =COUNTIFS(BOTA!$D:$D,'TABELA POR HORA'!W60,BOTA!$E:$E,C86) -> 0 | X62: =COUNTIFS(BOTA!$D:$D,'TABELA POR HORA'!X60,BOTA!$E:$E,C86) -> 0 | Y62: =COUNTIFS(BOTA!$D:$D,'TABELA POR HORA'!Y60,BOTA!$E:$E,C86) -> 0 | Z62: =COUNTIFS(BOTA!$D:$D,'TABELA POR HORA'!Z60,BOTA!$E:$E,C86) -> 0 | AA62: =COUNTIFS(BOTA!$D:$D,'TABELA POR HORA'!AA60,BOTA!$E:$E,C86) -> 0 | AB62: =COUNTIFS(BOTA!$D:$D,'TABELA POR HORA'!AB60,BOTA!$E:$E,C86) -> 0 | AC62: =COUNTIFS(BOTA!$D:$D,'TABELA POR HORA'!AC60,BOTA!$E:$E,C86) -> 0 | AD62: =COUNTIFS(BOTA!$D:$D,'TABELA POR HORA'!AD60,BOTA!$E:$E,C86) -> 0
B63: Titânio III | C63: =COUNTIFS(COLAR!$F:$F,'TABELA POR HORA'!C60,COLAR!$G:$G,C86) -> 0 | D63: =COUNTIFS(COLAR!$F:$F,'TABELA POR HORA'!D60,COLAR!$G:$G,C86) -> 0 | E63: =COUNTIFS(COLAR!$F:$F,'TABELA POR HORA'!E60,COLAR!$G:$G,C86) -> 0 | F63: =COUNTIFS(COLAR!$F:$F,'TABELA POR HORA'!F60,COLAR!$G:$G,C86) -> 0 | G63: =COUNTIFS(COLAR!$F:$F,'TABELA POR HORA'!G60,COLAR!$G:$G,C86) -> 0 | H63: =COUNTIFS(COLAR!$F:$F,'TABELA POR HORA'!H60,COLAR!$G:$G,C86) -> 0 | I63: =COUNTIFS(COLAR!$F:$F,'TABELA POR HORA'!I60,COLAR!$G:$G,C86) -> 0 | J63: =COUNTIFS(COLAR!$F:$F,'TABELA POR HORA'!J60,COLAR!$G:$G,C86) -> 0 | L63: Titânio III | M63: =COUNTIFS(CAMISA!$F:$F,'TABELA POR HORA'!M60,CAMISA!$G:$G,C86) -> 0 | N63: =COUNTIFS(CAMISA!$F:$F,'TABELA POR HORA'!N60,CAMISA!$G:$G,C86) -> 0 | O63: =COUNTIFS(CAMISA!$F:$F,'TABELA POR HORA'!O60,CAMISA!$G:$G,C86) -> 0 | P63: =COUNTIFS(CAMISA!$F:$F,'TABELA POR HORA'!P60,CAMISA!$G:$G,C86) -> 0 | Q63: =COUNTIFS(CAMISA!$F:$F,'TABELA POR HORA'!Q60,CAMISA!$G:$G,C86) -> 0 | R63: =COUNTIFS(CAMISA!$F:$F,'TABELA POR HORA'!R60,CAMISA!$G:$G,C86) -> 0 | S63: =COUNTIFS(CAMISA!$F:$F,'TABELA POR HORA'!S60,CAMISA!$G:$G,C86) -> 0 | T63: =COUNTIFS(CAMISA!$F:$F,'TABELA POR HORA'!T60,CAMISA!$G:$G,C86) -> 0 | V63: Titânio III | W63: =COUNTIFS(BOTA!$F:$F,'TABELA POR HORA'!W60,BOTA!$G:$G,C86) -> 0 | X63: =COUNTIFS(BOTA!$F:$F,'TABELA POR HORA'!X60,BOTA!$G:$G,C86) -> 0 | Y63: =COUNTIFS(BOTA!$F:$F,'TABELA POR HORA'!Y60,BOTA!$G:$G,C86) -> 0 | Z63: =COUNTIFS(BOTA!$F:$F,'TABELA POR HORA'!Z60,BOTA!$G:$G,C86) -> 0 | AA63: =COUNTIFS(BOTA!$F:$F,'TABELA POR HORA'!AA60,BOTA!$G:$G,C86) -> 0 | AB63: =COUNTIFS(BOTA!$F:$F,'TABELA POR HORA'!AB60,BOTA!$G:$G,C86) -> 0 | AC63: =COUNTIFS(BOTA!$F:$F,'TABELA POR HORA'!AC60,BOTA!$G:$G,C86) -> 0 | AD63: =COUNTIFS(BOTA!$F:$F,'TABELA POR HORA'!AD60,BOTA!$G:$G,C86) -> 0
B64: Titânio IV | C64: =COUNTIFS(COLAR!$H:$H,'TABELA POR HORA'!C60,COLAR!$I:$I,C86) -> 0 | D64: =COUNTIFS(COLAR!$H:$H,'TABELA POR HORA'!D60,COLAR!$I:$I,C86) -> 1 | E64: =COUNTIFS(COLAR!$H:$H,'TABELA POR HORA'!E60,COLAR!$I:$I,C86) -> 0 | F64: =COUNTIFS(COLAR!$H:$H,'TABELA POR HORA'!F60,COLAR!$I:$I,C86) -> 0 | G64: =COUNTIFS(COLAR!$H:$H,'TABELA POR HORA'!G60,COLAR!$I:$I,C86) -> 0 | H64: =COUNTIFS(COLAR!$H:$H,'TABELA POR HORA'!H60,COLAR!$I:$I,C86) -> 0 | I64: =COUNTIFS(COLAR!$H:$H,'TABELA POR HORA'!I60,COLAR!$I:$I,C86) -> 0 | J64: =COUNTIFS(COLAR!$H:$H,'TABELA POR HORA'!J60,COLAR!$I:$I,C86) -> 0 | L64: Titânio IV | M64: =COUNTIFS(CAMISA!$H:$H,'TABELA POR HORA'!M60,CAMISA!$I:$I,C86) -> 0 | N64: =COUNTIFS(CAMISA!$H:$H,'TABELA POR HORA'!N60,CAMISA!$I:$I,C86) -> 0 | O64: =COUNTIFS(CAMISA!$H:$H,'TABELA POR HORA'!O60,CAMISA!$I:$I,C86) -> 0 | P64: =COUNTIFS(CAMISA!$H:$H,'TABELA POR HORA'!P60,CAMISA!$I:$I,C86) -> 0 | Q64: =COUNTIFS(CAMISA!$H:$H,'TABELA POR HORA'!Q60,CAMISA!$I:$I,C86) -> 0 | R64: =COUNTIFS(CAMISA!$H:$H,'TABELA POR HORA'!R60,CAMISA!$I:$I,C86) -> 0 | S64: =COUNTIFS(CAMISA!$H:$H,'TABELA POR HORA'!S60,CAMISA!$I:$I,C86) -> 0 | T64: =COUNTIFS(CAMISA!$H:$H,'TABELA POR HORA'!T60,CAMISA!$I:$I,C86) -> 0 | V64: Titânio IV | W64: =COUNTIFS(BOTA!$H:$H,'TABELA POR HORA'!W60,BOTA!$I:$I,C86) -> 0 | X64: =COUNTIFS(BOTA!$H:$H,'TABELA POR HORA'!X60,BOTA!$I:$I,C86) -> 0 | Y64: =COUNTIFS(BOTA!$H:$H,'TABELA POR HORA'!Y60,BOTA!$I:$I,C86) -> 0 | Z64: =COUNTIFS(BOTA!$H:$H,'TABELA POR HORA'!Z60,BOTA!$I:$I,C86) -> 0 | AA64: =COUNTIFS(BOTA!$H:$H,'TABELA POR HORA'!AA60,BOTA!$I:$I,C86) -> 0 | AB64: =COUNTIFS(BOTA!$H:$H,'TABELA POR HORA'!AB60,BOTA!$I:$I,C86) -> 0 | AC64: =COUNTIFS(BOTA!$H:$H,'TABELA POR HORA'!AC60,BOTA!$I:$I,C86) -> 0 | AD64: =COUNTIFS(BOTA!$H:$H,'TABELA POR HORA'!AD60,BOTA!$I:$I,C86) -> 0
B65: Titânio V | C65: =COUNTIFS(COLAR!$J:$J,'TABELA POR HORA'!C60,COLAR!$K:$K,C86) -> 0 | D65: =COUNTIFS(COLAR!$J:$J,'TABELA POR HORA'!D60,COLAR!$K:$K,C86) -> 0 | E65: =COUNTIFS(COLAR!$J:$J,'TABELA POR HORA'!E60,COLAR!$K:$K,C86) -> 0 | F65: =COUNTIFS(COLAR!$J:$J,'TABELA POR HORA'!F60,COLAR!$K:$K,C86) -> 0 | G65: =COUNTIFS(COLAR!$J:$J,'TABELA POR HORA'!G60,COLAR!$K:$K,C86) -> 0 | H65: =COUNTIFS(COLAR!$J:$J,'TABELA POR HORA'!H60,COLAR!$K:$K,C86) -> 0 | I65: =COUNTIFS(COLAR!$J:$J,'TABELA POR HORA'!I60,COLAR!$K:$K,C86) -> 0 | J65: =COUNTIFS(COLAR!$J:$J,'TABELA POR HORA'!J60,COLAR!$K:$K,C86) -> 0 | L65: Titânio V | M65: =COUNTIFS(CAMISA!$J:$J,'TABELA POR HORA'!M60,CAMISA!$K:$K,C86) -> 0 | N65: =COUNTIFS(CAMISA!$J:$J,'TABELA POR HORA'!N60,CAMISA!$K:$K,C86) -> 0 | O65: =COUNTIFS(CAMISA!$J:$J,'TABELA POR HORA'!O60,CAMISA!$K:$K,C86) -> 0 | P65: =COUNTIFS(CAMISA!$J:$J,'TABELA POR HORA'!P60,CAMISA!$K:$K,C86) -> 0 | Q65: =COUNTIFS(CAMISA!$J:$J,'TABELA POR HORA'!Q60,CAMISA!$K:$K,C86) -> 0 | R65: =COUNTIFS(CAMISA!$J:$J,'TABELA POR HORA'!R60,CAMISA!$K:$K,C86) -> 0 | S65: =COUNTIFS(CAMISA!$J:$J,'TABELA POR HORA'!S60,CAMISA!$K:$K,C86) -> 0 | T65: =COUNTIFS(CAMISA!$J:$J,'TABELA POR HORA'!T60,CAMISA!$K:$K,C86) -> 0 | V65: Titânio V | W65: =COUNTIFS(BOTA!$J:$J,'TABELA POR HORA'!W60,BOTA!$K:$K,C86) -> 0 | X65: =COUNTIFS(BOTA!$J:$J,'TABELA POR HORA'!X60,BOTA!$K:$K,C86) -> 0 | Y65: =COUNTIFS(BOTA!$J:$J,'TABELA POR HORA'!Y60,BOTA!$K:$K,C86) -> 0 | Z65: =COUNTIFS(BOTA!$J:$J,'TABELA POR HORA'!Z60,BOTA!$K:$K,C86) -> 0 | AA65: =COUNTIFS(BOTA!$J:$J,'TABELA POR HORA'!AA60,BOTA!$K:$K,C86) -> 0 | AB65: =COUNTIFS(BOTA!$J:$J,'TABELA POR HORA'!AB60,BOTA!$K:$K,C86) -> 0 | AC65: =COUNTIFS(BOTA!$J:$J,'TABELA POR HORA'!AC60,BOTA!$K:$K,C86) -> 0 | AD65: =COUNTIFS(BOTA!$J:$J,'TABELA POR HORA'!AD60,BOTA!$K:$K,C86) -> 0
B66: Estrelar I | C66: =COUNTIFS(COLAR!$L:$L,'TABELA POR HORA'!C60,COLAR!$M:$M,C86) -> 0 | D66: =COUNTIFS(COLAR!$L:$L,'TABELA POR HORA'!D60,COLAR!$M:$M,C86) -> 0 | E66: =COUNTIFS(COLAR!$L:$L,'TABELA POR HORA'!E60,COLAR!$M:$M,C86) -> 0 | F66: =COUNTIFS(COLAR!$L:$L,'TABELA POR HORA'!F60,COLAR!$M:$M,C86) -> 0 | G66: =COUNTIFS(COLAR!$L:$L,'TABELA POR HORA'!G60,COLAR!$M:$M,C86) -> 0 | H66: =COUNTIFS(COLAR!$L:$L,'TABELA POR HORA'!H60,COLAR!$M:$M,C86) -> 0 | I66: =COUNTIFS(COLAR!$L:$L,'TABELA POR HORA'!I60,COLAR!$M:$M,C86) -> 0 | J66: =COUNTIFS(COLAR!$L:$L,'TABELA POR HORA'!J60,COLAR!$M:$M,C86) -> 0 | L66: Estrelar I | M66: =COUNTIFS(CAMISA!$L:$L,'TABELA POR HORA'!M60,CAMISA!$M:$M,C86) -> 0 | N66: =COUNTIFS(CAMISA!$L:$L,'TABELA POR HORA'!N60,CAMISA!$M:$M,C86) -> 0 | O66: =COUNTIFS(CAMISA!$L:$L,'TABELA POR HORA'!O60,CAMISA!$M:$M,C86) -> 0 | P66: =COUNTIFS(CAMISA!$L:$L,'TABELA POR HORA'!P60,CAMISA!$M:$M,C86) -> 0 | Q66: =COUNTIFS(CAMISA!$L:$L,'TABELA POR HORA'!Q60,CAMISA!$M:$M,C86) -> 0 | R66: =COUNTIFS(CAMISA!$L:$L,'TABELA POR HORA'!R60,CAMISA!$M:$M,C86) -> 0 | S66: =COUNTIFS(CAMISA!$L:$L,'TABELA POR HORA'!S60,CAMISA!$M:$M,C86) -> 0 | T66: =COUNTIFS(CAMISA!$L:$L,'TABELA POR HORA'!T60,CAMISA!$M:$M,C86) -> 0 | V66: Estrelar I | W66: =COUNTIFS(BOTA!$L:$L,'TABELA POR HORA'!W60,BOTA!$M:$M,C86) -> 0 | X66: =COUNTIFS(BOTA!$L:$L,'TABELA POR HORA'!X60,BOTA!$M:$M,C86) -> 0 | Y66: =COUNTIFS(BOTA!$L:$L,'TABELA POR HORA'!Y60,BOTA!$M:$M,C86) -> 0 | Z66: =COUNTIFS(BOTA!$L:$L,'TABELA POR HORA'!Z60,BOTA!$M:$M,C86) -> 0 | AA66: =COUNTIFS(BOTA!$L:$L,'TABELA POR HORA'!AA60,BOTA!$M:$M,C86) -> 0 | AB66: =COUNTIFS(BOTA!$L:$L,'TABELA POR HORA'!AB60,BOTA!$M:$M,C86) -> 0 | AC66: =COUNTIFS(BOTA!$L:$L,'TABELA POR HORA'!AC60,BOTA!$M:$M,C86) -> 0 | AD66: =COUNTIFS(BOTA!$L:$L,'TABELA POR HORA'!AD60,BOTA!$M:$M,C86) -> 0
B67: Estrelar II | C67: =COUNTIFS(COLAR!$N:$N,'TABELA POR HORA'!C60,COLAR!$O:$O,C86) -> 0 | D67: =COUNTIFS(COLAR!$N:$N,'TABELA POR HORA'!D60,COLAR!$O:$O,C86) -> 0 | E67: =COUNTIFS(COLAR!$N:$N,'TABELA POR HORA'!E60,COLAR!$O:$O,C86) -> 0 | F67: =COUNTIFS(COLAR!$N:$N,'TABELA POR HORA'!F60,COLAR!$O:$O,C86) -> 0 | G67: =COUNTIFS(COLAR!$N:$N,'TABELA POR HORA'!G60,COLAR!$O:$O,C86) -> 0 | H67: =COUNTIFS(COLAR!$N:$N,'TABELA POR HORA'!H60,COLAR!$O:$O,C86) -> 0 | I67: =COUNTIFS(COLAR!$N:$N,'TABELA POR HORA'!I60,COLAR!$O:$O,C86) -> 0 | J67: =COUNTIFS(COLAR!$N:$N,'TABELA POR HORA'!J60,COLAR!$O:$O,C86) -> 0 | L67: Estrelar II | M67: =COUNTIFS(CAMISA!$N:$N,'TABELA POR HORA'!M60,CAMISA!$O:$O,C86) -> 0 | N67: =COUNTIFS(CAMISA!$N:$N,'TABELA POR HORA'!N60,CAMISA!$O:$O,C86) -> 0 | O67: =COUNTIFS(CAMISA!$N:$N,'TABELA POR HORA'!O60,CAMISA!$O:$O,C86) -> 0 | P67: =COUNTIFS(CAMISA!$N:$N,'TABELA POR HORA'!P60,CAMISA!$O:$O,C86) -> 0 | Q67: =COUNTIFS(CAMISA!$N:$N,'TABELA POR HORA'!Q60,CAMISA!$O:$O,C86) -> 0 | R67: =COUNTIFS(CAMISA!$N:$N,'TABELA POR HORA'!R60,CAMISA!$O:$O,C86) -> 0 | S67: =COUNTIFS(CAMISA!$N:$N,'TABELA POR HORA'!S60,CAMISA!$O:$O,C86) -> 0 | T67: =COUNTIFS(CAMISA!$N:$N,'TABELA POR HORA'!T60,CAMISA!$O:$O,C86) -> 0 | V67: Estrelar II | W67: =COUNTIFS(BOTA!$N:$N,'TABELA POR HORA'!W60,BOTA!$O:$O,C86) -> 0 | X67: =COUNTIFS(BOTA!$N:$N,'TABELA POR HORA'!X60,BOTA!$O:$O,C86) -> 0 | Y67: =COUNTIFS(BOTA!$N:$N,'TABELA POR HORA'!Y60,BOTA!$O:$O,C86) -> 0 | Z67: =COUNTIFS(BOTA!$N:$N,'TABELA POR HORA'!Z60,BOTA!$O:$O,C86) -> 0 | AA67: =COUNTIFS(BOTA!$N:$N,'TABELA POR HORA'!AA60,BOTA!$O:$O,C86) -> 0 | AB67: =COUNTIFS(BOTA!$N:$N,'TABELA POR HORA'!AB60,BOTA!$O:$O,C86) -> 0 | AC67: =COUNTIFS(BOTA!$N:$N,'TABELA POR HORA'!AC60,BOTA!$O:$O,C86) -> 0 | AD67: =COUNTIFS(BOTA!$N:$N,'TABELA POR HORA'!AD60,BOTA!$O:$O,C86) -> 0
B68: Estrelar III | C68: =COUNTIFS(COLAR!$P:$P,'TABELA POR HORA'!C60,COLAR!$Q:$Q,C86) -> 0 | D68: =COUNTIFS(COLAR!$P:$P,'TABELA POR HORA'!D60,COLAR!$Q:$Q,C86) -> 0 | E68: =COUNTIFS(COLAR!$P:$P,'TABELA POR HORA'!E60,COLAR!$Q:$Q,C86) -> 0 | F68: =COUNTIFS(COLAR!$P:$P,'TABELA POR HORA'!F60,COLAR!$Q:$Q,C86) -> 0 | G68: =COUNTIFS(COLAR!$P:$P,'TABELA POR HORA'!G60,COLAR!$Q:$Q,C86) -> 0 | H68: =COUNTIFS(COLAR!$P:$P,'TABELA POR HORA'!H60,COLAR!$Q:$Q,C86) -> 0 | I68: =COUNTIFS(COLAR!$P:$P,'TABELA POR HORA'!I60,COLAR!$Q:$Q,C86) -> 0 | J68: =COUNTIFS(COLAR!$P:$P,'TABELA POR HORA'!J60,COLAR!$Q:$Q,C86) -> 0 | L68: Estrelar III | M68: =COUNTIFS(CAMISA!$P:$P,'TABELA POR HORA'!M60,CAMISA!$Q:$Q,C86) -> 0 | N68: =COUNTIFS(CAMISA!$P:$P,'TABELA POR HORA'!N60,CAMISA!$Q:$Q,C86) -> 0 | O68: =COUNTIFS(CAMISA!$P:$P,'TABELA POR HORA'!O60,CAMISA!$Q:$Q,C86) -> 0 | P68: =COUNTIFS(CAMISA!$P:$P,'TABELA POR HORA'!P60,CAMISA!$Q:$Q,C86) -> 0 | Q68: =COUNTIFS(CAMISA!$P:$P,'TABELA POR HORA'!Q60,CAMISA!$Q:$Q,C86) -> 0 | R68: =COUNTIFS(CAMISA!$P:$P,'TABELA POR HORA'!R60,CAMISA!$Q:$Q,C86) -> 0 | S68: =COUNTIFS(CAMISA!$P:$P,'TABELA POR HORA'!S60,CAMISA!$Q:$Q,C86) -> 0 | T68: =COUNTIFS(CAMISA!$P:$P,'TABELA POR HORA'!T60,CAMISA!$Q:$Q,C86) -> 0 | V68: Estrelar III | W68: =COUNTIFS(BOTA!$P:$P,'TABELA POR HORA'!W60,BOTA!$Q:$Q,C86) -> 0 | X68: =COUNTIFS(BOTA!$P:$P,'TABELA POR HORA'!X60,BOTA!$Q:$Q,C86) -> 0 | Y68: =COUNTIFS(BOTA!$P:$P,'TABELA POR HORA'!Y60,BOTA!$Q:$Q,C86) -> 0 | Z68: =COUNTIFS(BOTA!$P:$P,'TABELA POR HORA'!Z60,BOTA!$Q:$Q,C86) -> 0 | AA68: =COUNTIFS(BOTA!$P:$P,'TABELA POR HORA'!AA60,BOTA!$Q:$Q,C86) -> 0 | AB68: =COUNTIFS(BOTA!$P:$P,'TABELA POR HORA'!AB60,BOTA!$Q:$Q,C86) -> 0 | AC68: =COUNTIFS(BOTA!$P:$P,'TABELA POR HORA'!AC60,BOTA!$Q:$Q,C86) -> 0 | AD68: =COUNTIFS(BOTA!$P:$P,'TABELA POR HORA'!AD60,BOTA!$Q:$Q,C86) -> 0
B69: Estrelar IV | C69: =COUNTIFS(COLAR!$R:$R,'TABELA POR HORA'!C60,COLAR!$S:$S,C86) -> 0 | D69: =COUNTIFS(COLAR!$R:$R,'TABELA POR HORA'!D60,COLAR!$S:$S,C86) -> 0 | E69: =COUNTIFS(COLAR!$R:$R,'TABELA POR HORA'!E60,COLAR!$S:$S,C86) -> 0 | F69: =COUNTIFS(COLAR!$R:$R,'TABELA POR HORA'!F60,COLAR!$S:$S,C86) -> 0 | G69: =COUNTIFS(COLAR!$R:$R,'TABELA POR HORA'!G60,COLAR!$S:$S,C86) -> 0 | H69: =COUNTIFS(COLAR!$R:$R,'TABELA POR HORA'!H60,COLAR!$S:$S,C86) -> 0 | I69: =COUNTIFS(COLAR!$R:$R,'TABELA POR HORA'!I60,COLAR!$S:$S,C86) -> 0 | J69: =COUNTIFS(COLAR!$R:$R,'TABELA POR HORA'!J60,COLAR!$S:$S,C86) -> 0 | L69: Estrelar IV | M69: =COUNTIFS(CAMISA!$R:$R,'TABELA POR HORA'!M60,CAMISA!$S:$S,C86) -> 0 | N69: =COUNTIFS(CAMISA!$R:$R,'TABELA POR HORA'!N60,CAMISA!$S:$S,C86) -> 0 | O69: =COUNTIFS(CAMISA!$R:$R,'TABELA POR HORA'!O60,CAMISA!$S:$S,C86) -> 0 | P69: =COUNTIFS(CAMISA!$R:$R,'TABELA POR HORA'!P60,CAMISA!$S:$S,C86) -> 0 | Q69: =COUNTIFS(CAMISA!$R:$R,'TABELA POR HORA'!Q60,CAMISA!$S:$S,C86) -> 0 | R69: =COUNTIFS(CAMISA!$R:$R,'TABELA POR HORA'!R60,CAMISA!$S:$S,C86) -> 0 | S69: =COUNTIFS(CAMISA!$R:$R,'TABELA POR HORA'!S60,CAMISA!$S:$S,C86) -> 0 | T69: =COUNTIFS(CAMISA!$R:$R,'TABELA POR HORA'!T60,CAMISA!$S:$S,C86) -> 0 | V69: Estrelar IV | W69: =COUNTIFS(BOTA!$R:$R,'TABELA POR HORA'!W60,BOTA!$S:$S,C86) -> 0 | X69: =COUNTIFS(BOTA!$R:$R,'TABELA POR HORA'!X60,BOTA!$S:$S,C86) -> 0 | Y69: =COUNTIFS(BOTA!$R:$R,'TABELA POR HORA'!Y60,BOTA!$S:$S,C86) -> 0 | Z69: =COUNTIFS(BOTA!$R:$R,'TABELA POR HORA'!Z60,BOTA!$S:$S,C86) -> 0 | AA69: =COUNTIFS(BOTA!$R:$R,'TABELA POR HORA'!AA60,BOTA!$S:$S,C86) -> 0 | AB69: =COUNTIFS(BOTA!$R:$R,'TABELA POR HORA'!AB60,BOTA!$S:$S,C86) -> 0 | AC69: =COUNTIFS(BOTA!$R:$R,'TABELA POR HORA'!AC60,BOTA!$S:$S,C86) -> 0 | AD69: =COUNTIFS(BOTA!$R:$R,'TABELA POR HORA'!AD60,BOTA!$S:$S,C86) -> 0
B70: Estrelar V | C70: =COUNTIFS(COLAR!$T:$T,'TABELA POR HORA'!C60,COLAR!$U:$U,C86) -> 0 | D70: =COUNTIFS(COLAR!$T:$T,'TABELA POR HORA'!D60,COLAR!$U:$U,C86) -> 0 | E70: =COUNTIFS(COLAR!$T:$T,'TABELA POR HORA'!E60,COLAR!$U:$U,C86) -> 0 | F70: =COUNTIFS(COLAR!$T:$T,'TABELA POR HORA'!F60,COLAR!$U:$U,C86) -> 0 | G70: =COUNTIFS(COLAR!$T:$T,'TABELA POR HORA'!G60,COLAR!$U:$U,C86) -> 0 | H70: =COUNTIFS(COLAR!$T:$T,'TABELA POR HORA'!H60,COLAR!$U:$U,C86) -> 0 | I70: =COUNTIFS(COLAR!$T:$T,'TABELA POR HORA'!I60,COLAR!$U:$U,C86) -> 0 | J70: =COUNTIFS(COLAR!$T:$T,'TABELA POR HORA'!J60,COLAR!$U:$U,C86) -> 0 | L70: Estrelar V | M70: =COUNTIFS(CAMISA!$T:$T,'TABELA POR HORA'!M60,CAMISA!$U:$U,C86) -> 0 | N70: =COUNTIFS(CAMISA!$T:$T,'TABELA POR HORA'!N60,CAMISA!$U:$U,C86) -> 0 | O70: =COUNTIFS(CAMISA!$T:$T,'TABELA POR HORA'!O60,CAMISA!$U:$U,C86) -> 0 | P70: =COUNTIFS(CAMISA!$T:$T,'TABELA POR HORA'!P60,CAMISA!$U:$U,C86) -> 0 | Q70: =COUNTIFS(CAMISA!$T:$T,'TABELA POR HORA'!Q60,CAMISA!$U:$U,C86) -> 0 | R70: =COUNTIFS(CAMISA!$T:$T,'TABELA POR HORA'!R60,CAMISA!$U:$U,C86) -> 0 | S70: =COUNTIFS(CAMISA!$T:$T,'TABELA POR HORA'!S60,CAMISA!$U:$U,C86) -> 0 | T70: =COUNTIFS(CAMISA!$T:$T,'TABELA POR HORA'!T60,CAMISA!$U:$U,C86) -> 0 | V70: Estrelar V | W70: =COUNTIFS(BOTA!$T:$T,'TABELA POR HORA'!W60,BOTA!$U:$U,C86) -> 0 | X70: =COUNTIFS(BOTA!$T:$T,'TABELA POR HORA'!X60,BOTA!$U:$U,C86) -> 0 | Y70: =COUNTIFS(BOTA!$T:$T,'TABELA POR HORA'!Y60,BOTA!$U:$U,C86) -> 0 | Z70: =COUNTIFS(BOTA!$T:$T,'TABELA POR HORA'!Z60,BOTA!$U:$U,C86) -> 0 | AA70: =COUNTIFS(BOTA!$T:$T,'TABELA POR HORA'!AA60,BOTA!$U:$U,C86) -> 0 | AB70: =COUNTIFS(BOTA!$T:$T,'TABELA POR HORA'!AB60,BOTA!$U:$U,C86) -> 0 | AC70: =COUNTIFS(BOTA!$T:$T,'TABELA POR HORA'!AC60,BOTA!$U:$U,C86) -> 0 | AD70: =COUNTIFS(BOTA!$T:$T,'TABELA POR HORA'!AD60,BOTA!$U:$U,C86) -> 0
B71: Sacrifício I | C71: =COUNTIFS(COLAR!$V:$V,'TABELA POR HORA'!C60,COLAR!$W:$W,C86) -> 0 | D71: =COUNTIFS(COLAR!$V:$V,'TABELA POR HORA'!D60,COLAR!$W:$W,C86) -> 0 | E71: =COUNTIFS(COLAR!$V:$V,'TABELA POR HORA'!E60,COLAR!$W:$W,C86) -> 0 | F71: =COUNTIFS(COLAR!$V:$V,'TABELA POR HORA'!F60,COLAR!$W:$W,C86) -> 0 | G71: =COUNTIFS(COLAR!$V:$V,'TABELA POR HORA'!G60,COLAR!$W:$W,C86) -> 0 | H71: =COUNTIFS(COLAR!$V:$V,'TABELA POR HORA'!H60,COLAR!$W:$W,C86) -> 0 | I71: =COUNTIFS(COLAR!$V:$V,'TABELA POR HORA'!I60,COLAR!$W:$W,C86) -> 0 | J71: =COUNTIFS(COLAR!$V:$V,'TABELA POR HORA'!J60,COLAR!$W:$W,C86) -> 0 | L71: Sacrifício I | M71: =COUNTIFS(CAMISA!$V:$V,'TABELA POR HORA'!M60,CAMISA!$W:$W,C86) -> 0 | N71: =COUNTIFS(CAMISA!$V:$V,'TABELA POR HORA'!N60,CAMISA!$W:$W,C86) -> 0 | O71: =COUNTIFS(CAMISA!$V:$V,'TABELA POR HORA'!O60,CAMISA!$W:$W,C86) -> 0 | P71: =COUNTIFS(CAMISA!$V:$V,'TABELA POR HORA'!P60,CAMISA!$W:$W,C86) -> 0 | Q71: =COUNTIFS(CAMISA!$V:$V,'TABELA POR HORA'!Q60,CAMISA!$W:$W,C86) -> 0 | R71: =COUNTIFS(CAMISA!$V:$V,'TABELA POR HORA'!R60,CAMISA!$W:$W,C86) -> 0 | S71: =COUNTIFS(CAMISA!$V:$V,'TABELA POR HORA'!S60,CAMISA!$W:$W,C86) -> 0 | T71: =COUNTIFS(CAMISA!$V:$V,'TABELA POR HORA'!T60,CAMISA!$W:$W,C86) -> 0 | V71: Sacrifício I | W71: =COUNTIFS(BOTA!$V:$V,'TABELA POR HORA'!W60,BOTA!$W:$W,C86) -> 0 | X71: =COUNTIFS(BOTA!$V:$V,'TABELA POR HORA'!X60,BOTA!$W:$W,C86) -> 0 | Y71: =COUNTIFS(BOTA!$V:$V,'TABELA POR HORA'!Y60,BOTA!$W:$W,C86) -> 0 | Z71: =COUNTIFS(BOTA!$V:$V,'TABELA POR HORA'!Z60,BOTA!$W:$W,C86) -> 0 | AA71: =COUNTIFS(BOTA!$V:$V,'TABELA POR HORA'!AA60,BOTA!$W:$W,C86) -> 0 | AB71: =COUNTIFS(BOTA!$V:$V,'TABELA POR HORA'!AB60,BOTA!$W:$W,C86) -> 0 | AC71: =COUNTIFS(BOTA!$V:$V,'TABELA POR HORA'!AC60,BOTA!$W:$W,C86) -> 0 | AD71: =COUNTIFS(BOTA!$V:$V,'TABELA POR HORA'!AD60,BOTA!$W:$W,C86) -> 0
B72: Sacrifício II | C72: =COUNTIFS(COLAR!$X:$X,'TABELA POR HORA'!C60,COLAR!$Y:$Y,C86) -> 0 | D72: =COUNTIFS(COLAR!$X:$X,'TABELA POR HORA'!D60,COLAR!$Y:$Y,C86) -> 0 | E72: =COUNTIFS(COLAR!$X:$X,'TABELA POR HORA'!E60,COLAR!$Y:$Y,C86) -> 0 | F72: =COUNTIFS(COLAR!$X:$X,'TABELA POR HORA'!F60,COLAR!$Y:$Y,C86) -> 0 | G72: =COUNTIFS(COLAR!$X:$X,'TABELA POR HORA'!G60,COLAR!$Y:$Y,C86) -> 0 | H72: =COUNTIFS(COLAR!$X:$X,'TABELA POR HORA'!H60,COLAR!$Y:$Y,C86) -> 0 | I72: =COUNTIFS(COLAR!$X:$X,'TABELA POR HORA'!I60,COLAR!$Y:$Y,C86) -> 0 | J72: =COUNTIFS(COLAR!$X:$X,'TABELA POR HORA'!J60,COLAR!$Y:$Y,C86) -> 0 | L72: Sacrifício II | M72: =COUNTIFS(CAMISA!$X:$X,'TABELA POR HORA'!M60,CAMISA!$Y:$Y,C86) -> 0 | N72: =COUNTIFS(CAMISA!$X:$X,'TABELA POR HORA'!N60,CAMISA!$Y:$Y,C86) -> 0 | O72: =COUNTIFS(CAMISA!$X:$X,'TABELA POR HORA'!O60,CAMISA!$Y:$Y,C86) -> 0 | P72: =COUNTIFS(CAMISA!$X:$X,'TABELA POR HORA'!P60,CAMISA!$Y:$Y,C86) -> 0 | Q72: =COUNTIFS(CAMISA!$X:$X,'TABELA POR HORA'!Q60,CAMISA!$Y:$Y,C86) -> 0 | R72: =COUNTIFS(CAMISA!$X:$X,'TABELA POR HORA'!R60,CAMISA!$Y:$Y,C86) -> 0 | S72: =COUNTIFS(CAMISA!$X:$X,'TABELA POR HORA'!S60,CAMISA!$Y:$Y,C86) -> 0 | T72: =COUNTIFS(CAMISA!$X:$X,'TABELA POR HORA'!T60,CAMISA!$Y:$Y,C86) -> 0 | V72: Sacrifício II | W72: =COUNTIFS(BOTA!$X:$X,'TABELA POR HORA'!W60,BOTA!$Y:$Y,C86) -> 0 | X72: =COUNTIFS(BOTA!$X:$X,'TABELA POR HORA'!X60,BOTA!$Y:$Y,C86) -> 0 | Y72: =COUNTIFS(BOTA!$X:$X,'TABELA POR HORA'!Y60,BOTA!$Y:$Y,C86) -> 0 | Z72: =COUNTIFS(BOTA!$X:$X,'TABELA POR HORA'!Z60,BOTA!$Y:$Y,C86) -> 0 | AA72: =COUNTIFS(BOTA!$X:$X,'TABELA POR HORA'!AA60,BOTA!$Y:$Y,C86) -> 0 | AB72: =COUNTIFS(BOTA!$X:$X,'TABELA POR HORA'!AB60,BOTA!$Y:$Y,C86) -> 0 | AC72: =COUNTIFS(BOTA!$X:$X,'TABELA POR HORA'!AC60,BOTA!$Y:$Y,C86) -> 0 | AD72: =COUNTIFS(BOTA!$X:$X,'TABELA POR HORA'!AD60,BOTA!$Y:$Y,C86) -> 0
B73: Sacrifício III | C73: =COUNTIFS(COLAR!$Z:$Z,'TABELA POR HORA'!C60,COLAR!$AA:$AA,C86) -> 0 | D73: =COUNTIFS(COLAR!$Z:$Z,'TABELA POR HORA'!D60,COLAR!$AA:$AA,C86) -> 0 | E73: =COUNTIFS(COLAR!$Z:$Z,'TABELA POR HORA'!E60,COLAR!$AA:$AA,C86) -> 0 | F73: =COUNTIFS(COLAR!$Z:$Z,'TABELA POR HORA'!F60,COLAR!$AA:$AA,C86) -> 0 | G73: =COUNTIFS(COLAR!$Z:$Z,'TABELA POR HORA'!G60,COLAR!$AA:$AA,C86) -> 0 | H73: =COUNTIFS(COLAR!$Z:$Z,'TABELA POR HORA'!H60,COLAR!$AA:$AA,C86) -> 0 | I73: =COUNTIFS(COLAR!$Z:$Z,'TABELA POR HORA'!I60,COLAR!$AA:$AA,C86) -> 0 | J73: =COUNTIFS(COLAR!$Z:$Z,'TABELA POR HORA'!J60,COLAR!$AA:$AA,C86) -> 0 | L73: Sacrifício III | M73: =COUNTIFS(CAMISA!$Z:$Z,'TABELA POR HORA'!M60,CAMISA!$AA:$AA,C86) -> 0 | N73: =COUNTIFS(CAMISA!$Z:$Z,'TABELA POR HORA'!N60,CAMISA!$AA:$AA,C86) -> 0 | O73: =COUNTIFS(CAMISA!$Z:$Z,'TABELA POR HORA'!O60,CAMISA!$AA:$AA,C86) -> 0 | P73: =COUNTIFS(CAMISA!$Z:$Z,'TABELA POR HORA'!P60,CAMISA!$AA:$AA,C86) -> 0 | Q73: =COUNTIFS(CAMISA!$Z:$Z,'TABELA POR HORA'!Q60,CAMISA!$AA:$AA,C86) -> 0 | R73: =COUNTIFS(CAMISA!$Z:$Z,'TABELA POR HORA'!R60,CAMISA!$AA:$AA,C86) -> 0 | S73: =COUNTIFS(CAMISA!$Z:$Z,'TABELA POR HORA'!S60,CAMISA!$AA:$AA,C86) -> 0 | T73: =COUNTIFS(CAMISA!$Z:$Z,'TABELA POR HORA'!T60,CAMISA!$AA:$AA,C86) -> 0 | V73: Sacrifício III | W73: =COUNTIFS(BOTA!$Z:$Z,'TABELA POR HORA'!W60,BOTA!$AA:$AA,C86) -> 0 | X73: =COUNTIFS(BOTA!$Z:$Z,'TABELA POR HORA'!X60,BOTA!$AA:$AA,C86) -> 0 | Y73: =COUNTIFS(BOTA!$Z:$Z,'TABELA POR HORA'!Y60,BOTA!$AA:$AA,C86) -> 0 | Z73: =COUNTIFS(BOTA!$Z:$Z,'TABELA POR HORA'!Z60,BOTA!$AA:$AA,C86) -> 0 | AA73: =COUNTIFS(BOTA!$Z:$Z,'TABELA POR HORA'!AA60,BOTA!$AA:$AA,C86) -> 0 | AB73: =COUNTIFS(BOTA!$Z:$Z,'TABELA POR HORA'!AB60,BOTA!$AA:$AA,C86) -> 0 | AC73: =COUNTIFS(BOTA!$Z:$Z,'TABELA POR HORA'!AC60,BOTA!$AA:$AA,C86) -> 0 | AD73: =COUNTIFS(BOTA!$Z:$Z,'TABELA POR HORA'!AD60,BOTA!$AA:$AA,C86) -> 0
B74: Sacrifício IV | C74: =COUNTIFS(COLAR!$AB:$AB,'TABELA POR HORA'!C60,COLAR!$AC:$AC,C86) -> 0 | D74: =COUNTIFS(COLAR!$AB:$AB,'TABELA POR HORA'!D60,COLAR!$AC:$AC,C86) -> 0 | E74: =COUNTIFS(COLAR!$AB:$AB,'TABELA POR HORA'!E60,COLAR!$AC:$AC,C86) -> 0 | F74: =COUNTIFS(COLAR!$AB:$AB,'TABELA POR HORA'!F60,COLAR!$AC:$AC,C86) -> 0 | G74: =COUNTIFS(COLAR!$AB:$AB,'TABELA POR HORA'!G60,COLAR!$AC:$AC,C86) -> 0 | H74: =COUNTIFS(COLAR!$AB:$AB,'TABELA POR HORA'!H60,COLAR!$AC:$AC,C86) -> 0 | I74: =COUNTIFS(COLAR!$AB:$AB,'TABELA POR HORA'!I60,COLAR!$AC:$AC,C86) -> 0 | J74: =COUNTIFS(COLAR!$AB:$AB,'TABELA POR HORA'!J60,COLAR!$AC:$AC,C86) -> 0 | L74: Sacrifício IV | M74: =COUNTIFS(CAMISA!$AB:$AB,'TABELA POR HORA'!M60,CAMISA!$AC:$AC,C86) -> 0 | N74: =COUNTIFS(CAMISA!$AB:$AB,'TABELA POR HORA'!N60,CAMISA!$AC:$AC,C86) -> 0 | O74: =COUNTIFS(CAMISA!$AB:$AB,'TABELA POR HORA'!O60,CAMISA!$AC:$AC,C86) -> 0 | P74: =COUNTIFS(CAMISA!$AB:$AB,'TABELA POR HORA'!P60,CAMISA!$AC:$AC,C86) -> 0 | Q74: =COUNTIFS(CAMISA!$AB:$AB,'TABELA POR HORA'!Q60,CAMISA!$AC:$AC,C86) -> 0 | R74: =COUNTIFS(CAMISA!$AB:$AB,'TABELA POR HORA'!R60,CAMISA!$AC:$AC,C86) -> 0 | S74: =COUNTIFS(CAMISA!$AB:$AB,'TABELA POR HORA'!S60,CAMISA!$AC:$AC,C86) -> 0 | T74: =COUNTIFS(CAMISA!$AB:$AB,'TABELA POR HORA'!T60,CAMISA!$AC:$AC,C86) -> 0 | V74: Sacrifício IV | W74: =COUNTIFS(BOTA!$AB:$AB,'TABELA POR HORA'!W60,BOTA!$AC:$AC,C86) -> 0 | X74: =COUNTIFS(BOTA!$AB:$AB,'TABELA POR HORA'!X60,BOTA!$AC:$AC,C86) -> 0 | Y74: =COUNTIFS(BOTA!$AB:$AB,'TABELA POR HORA'!Y60,BOTA!$AC:$AC,C86) -> 0 | Z74: =COUNTIFS(BOTA!$AB:$AB,'TABELA POR HORA'!Z60,BOTA!$AC:$AC,C86) -> 0 | AA74: =COUNTIFS(BOTA!$AB:$AB,'TABELA POR HORA'!AA60,BOTA!$AC:$AC,C86) -> 0 | AB74: =COUNTIFS(BOTA!$AB:$AB,'TABELA POR HORA'!AB60,BOTA!$AC:$AC,C86) -> 0 | AC74: =COUNTIFS(BOTA!$AB:$AB,'TABELA POR HORA'!AC60,BOTA!$AC:$AC,C86) -> 0 | AD74: =COUNTIFS(BOTA!$AB:$AB,'TABELA POR HORA'!AD60,BOTA!$AC:$AC,C86) -> 0
B75: Sacrifício V | C75: =COUNTIFS(COLAR!$AD:$AD,'TABELA POR HORA'!C60,COLAR!$AE:$AE,C86) -> 0 | D75: =COUNTIFS(COLAR!$AD:$AD,'TABELA POR HORA'!D60,COLAR!$AE:$AE,C86) -> 0 | E75: =COUNTIFS(COLAR!$AD:$AD,'TABELA POR HORA'!E60,COLAR!$AE:$AE,C86) -> 0 | F75: =COUNTIFS(COLAR!$AD:$AD,'TABELA POR HORA'!F60,COLAR!$AE:$AE,C86) -> 0 | G75: =COUNTIFS(COLAR!$AD:$AD,'TABELA POR HORA'!G60,COLAR!$AE:$AE,C86) -> 0 | H75: =COUNTIFS(COLAR!$AD:$AD,'TABELA POR HORA'!H60,COLAR!$AE:$AE,C86) -> 0 | I75: =COUNTIFS(COLAR!$AD:$AD,'TABELA POR HORA'!I60,COLAR!$AE:$AE,C86) -> 0 | J75: =COUNTIFS(COLAR!$AD:$AD,'TABELA POR HORA'!J60,COLAR!$AE:$AE,C86) -> 0 | L75: Sacrifício V | M75: =COUNTIFS(CAMISA!$AD:$AD,'TABELA POR HORA'!M60,CAMISA!$AE:$AE,C86) -> 0 | N75: =COUNTIFS(CAMISA!$AD:$AD,'TABELA POR HORA'!N60,CAMISA!$AE:$AE,C86) -> 0 | O75: =COUNTIFS(CAMISA!$AD:$AD,'TABELA POR HORA'!O60,CAMISA!$AE:$AE,C86) -> 0 | P75: =COUNTIFS(CAMISA!$AD:$AD,'TABELA POR HORA'!P60,CAMISA!$AE:$AE,C86) -> 0 | Q75: =COUNTIFS(CAMISA!$AD:$AD,'TABELA POR HORA'!Q60,CAMISA!$AE:$AE,C86) -> 1 | R75: =COUNTIFS(CAMISA!$AD:$AD,'TABELA POR HORA'!R60,CAMISA!$AE:$AE,C86) -> 0 | S75: =COUNTIFS(CAMISA!$AD:$AD,'TABELA POR HORA'!S60,CAMISA!$AE:$AE,C86) -> 0 | T75: =COUNTIFS(CAMISA!$AD:$AD,'TABELA POR HORA'!T60,CAMISA!$AE:$AE,C86) -> 0 | V75: Sacrifício V | W75: =COUNTIFS(BOTA!$AD:$AD,'TABELA POR HORA'!W60,BOTA!$AE:$AE,C86) -> 0 | X75: =COUNTIFS(BOTA!$AD:$AD,'TABELA POR HORA'!X60,BOTA!$AE:$AE,C86) -> 0 | Y75: =COUNTIFS(BOTA!$AD:$AD,'TABELA POR HORA'!Y60,BOTA!$AE:$AE,C86) -> 0 | Z75: =COUNTIFS(BOTA!$AD:$AD,'TABELA POR HORA'!Z60,BOTA!$AE:$AE,C86) -> 0 | AA75: =COUNTIFS(BOTA!$AD:$AD,'TABELA POR HORA'!AA60,BOTA!$AE:$AE,C86) -> 0 | AB75: =COUNTIFS(BOTA!$AD:$AD,'TABELA POR HORA'!AB60,BOTA!$AE:$AE,C86) -> 0 | AC75: =COUNTIFS(BOTA!$AD:$AD,'TABELA POR HORA'!AC60,BOTA!$AE:$AE,C86) -> 0 | AD75: =COUNTIFS(BOTA!$AD:$AD,'TABELA POR HORA'!AD60,BOTA!$AE:$AE,C86) -> 0
B76: Tychel I | C76: =COUNTIFS(COLAR!$AF:$AF,'TABELA POR HORA'!C60,COLAR!$AG:$AG,C86) -> 0 | D76: =COUNTIFS(COLAR!$AF:$AF,'TABELA POR HORA'!D60,COLAR!$AG:$AG,C86) -> 0 | E76: =COUNTIFS(COLAR!$AF:$AF,'TABELA POR HORA'!E60,COLAR!$AG:$AG,C86) -> 0 | F76: =COUNTIFS(COLAR!$AF:$AF,'TABELA POR HORA'!F60,COLAR!$AG:$AG,C86) -> 0 | G76: =COUNTIFS(COLAR!$AF:$AF,'TABELA POR HORA'!G60,COLAR!$AG:$AG,C86) -> 0 | H76: =COUNTIFS(COLAR!$AF:$AF,'TABELA POR HORA'!H60,COLAR!$AG:$AG,C86) -> 0 | I76: =COUNTIFS(COLAR!$AF:$AF,'TABELA POR HORA'!I60,COLAR!$AG:$AG,C86) -> 0 | J76: =COUNTIFS(COLAR!$AF:$AF,'TABELA POR HORA'!J60,COLAR!$AG:$AG,C86) -> 0 | L76: Tychel I | M76: =COUNTIFS(CAMISA!$AF:$AF,'TABELA POR HORA'!M60,CAMISA!$AG:$AG,C86) -> 0 | N76: =COUNTIFS(CAMISA!$AF:$AF,'TABELA POR HORA'!N60,CAMISA!$AG:$AG,C86) -> 0 | O76: =COUNTIFS(CAMISA!$AF:$AF,'TABELA POR HORA'!O60,CAMISA!$AG:$AG,C86) -> 0 | P76: =COUNTIFS(CAMISA!$AF:$AF,'TABELA POR HORA'!P60,CAMISA!$AG:$AG,C86) -> 0 | Q76: =COUNTIFS(CAMISA!$AF:$AF,'TABELA POR HORA'!Q60,CAMISA!$AG:$AG,C86) -> 0 | R76: =COUNTIFS(CAMISA!$AF:$AF,'TABELA POR HORA'!R60,CAMISA!$AG:$AG,C86) -> 0 | S76: =COUNTIFS(CAMISA!$AF:$AF,'TABELA POR HORA'!S60,CAMISA!$AG:$AG,C86) -> 0 | T76: =COUNTIFS(CAMISA!$AF:$AF,'TABELA POR HORA'!T60,CAMISA!$AG:$AG,C86) -> 0 | V76: Tychel I | W76: =COUNTIFS(BOTA!$AF:$AF,'TABELA POR HORA'!W60,BOTA!$AG:$AG,C86) -> 0 | X76: =COUNTIFS(BOTA!$AF:$AF,'TABELA POR HORA'!X60,BOTA!$AG:$AG,C86) -> 0 | Y76: =COUNTIFS(BOTA!$AF:$AF,'TABELA POR HORA'!Y60,BOTA!$AG:$AG,C86) -> 0 | Z76: =COUNTIFS(BOTA!$AF:$AF,'TABELA POR HORA'!Z60,BOTA!$AG:$AG,C86) -> 0 | AA76: =COUNTIFS(BOTA!$AF:$AF,'TABELA POR HORA'!AA60,BOTA!$AG:$AG,C86) -> 0 | AB76: =COUNTIFS(BOTA!$AF:$AF,'TABELA POR HORA'!AB60,BOTA!$AG:$AG,C86) -> 0 | AC76: =COUNTIFS(BOTA!$AF:$AF,'TABELA POR HORA'!AC60,BOTA!$AG:$AG,C86) -> 0 | AD76: =COUNTIFS(BOTA!$AF:$AF,'TABELA POR HORA'!AD60,BOTA!$AG:$AG,C86) -> 0
B77: Tychel II | C77: =COUNTIFS(COLAR!$AH:$AH,'TABELA POR HORA'!C60,COLAR!$AI:$AI,C86) -> 0 | D77: =COUNTIFS(COLAR!$AH:$AH,'TABELA POR HORA'!D60,COLAR!$AI:$AI,C86) -> 0 | E77: =COUNTIFS(COLAR!$AH:$AH,'TABELA POR HORA'!E60,COLAR!$AI:$AI,C86) -> 0 | F77: =COUNTIFS(COLAR!$AH:$AH,'TABELA POR HORA'!F60,COLAR!$AI:$AI,C86) -> 0 | G77: =COUNTIFS(COLAR!$AH:$AH,'TABELA POR HORA'!G60,COLAR!$AI:$AI,C86) -> 0 | H77: =COUNTIFS(COLAR!$AH:$AH,'TABELA POR HORA'!H60,COLAR!$AI:$AI,C86) -> 0 | I77: =COUNTIFS(COLAR!$AH:$AH,'TABELA POR HORA'!I60,COLAR!$AI:$AI,C86) -> 0 | J77: =COUNTIFS(COLAR!$AH:$AH,'TABELA POR HORA'!J60,COLAR!$AI:$AI,C86) -> 0 | L77: Tychel II | M77: =COUNTIFS(CAMISA!$AH:$AH,'TABELA POR HORA'!M60,CAMISA!$AI:$AI,C86) -> 0 | N77: =COUNTIFS(CAMISA!$AH:$AH,'TABELA POR HORA'!N60,CAMISA!$AI:$AI,C86) -> 0 | O77: =COUNTIFS(CAMISA!$AH:$AH,'TABELA POR HORA'!O60,CAMISA!$AI:$AI,C86) -> 0 | P77: =COUNTIFS(CAMISA!$AH:$AH,'TABELA POR HORA'!P60,CAMISA!$AI:$AI,C86) -> 0 | Q77: =COUNTIFS(CAMISA!$AH:$AH,'TABELA POR HORA'!Q60,CAMISA!$AI:$AI,C86) -> 0 | R77: =COUNTIFS(CAMISA!$AH:$AH,'TABELA POR HORA'!R60,CAMISA!$AI:$AI,C86) -> 0 | S77: =COUNTIFS(CAMISA!$AH:$AH,'TABELA POR HORA'!S60,CAMISA!$AI:$AI,C86) -> 0 | T77: =COUNTIFS(CAMISA!$AH:$AH,'TABELA POR HORA'!T60,CAMISA!$AI:$AI,C86) -> 0 | V77: Tychel II | W77: =COUNTIFS(BOTA!$AH:$AH,'TABELA POR HORA'!W60,BOTA!$AI:$AI,C86) -> 0 | X77: =COUNTIFS(BOTA!$AH:$AH,'TABELA POR HORA'!X60,BOTA!$AI:$AI,C86) -> 0 | Y77: =COUNTIFS(BOTA!$AH:$AH,'TABELA POR HORA'!Y60,BOTA!$AI:$AI,C86) -> 0 | Z77: =COUNTIFS(BOTA!$AH:$AH,'TABELA POR HORA'!Z60,BOTA!$AI:$AI,C86) -> 0 | AA77: =COUNTIFS(BOTA!$AH:$AH,'TABELA POR HORA'!AA60,BOTA!$AI:$AI,C86) -> 0 | AB77: =COUNTIFS(BOTA!$AH:$AH,'TABELA POR HORA'!AB60,BOTA!$AI:$AI,C86) -> 0 | AC77: =COUNTIFS(BOTA!$AH:$AH,'TABELA POR HORA'!AC60,BOTA!$AI:$AI,C86) -> 0 | AD77: =COUNTIFS(BOTA!$AH:$AH,'TABELA POR HORA'!AD60,BOTA!$AI:$AI,C86) -> 0
B78: Tychel III | C78: =COUNTIFS(COLAR!$AJ:$AJ,'TABELA POR HORA'!C60,COLAR!$AK:$AK,C86) -> 0 | D78: =COUNTIFS(COLAR!$AJ:$AJ,'TABELA POR HORA'!D60,COLAR!$AK:$AK,C86) -> 0 | E78: =COUNTIFS(COLAR!$AJ:$AJ,'TABELA POR HORA'!E60,COLAR!$AK:$AK,C86) -> 0 | F78: =COUNTIFS(COLAR!$AJ:$AJ,'TABELA POR HORA'!F60,COLAR!$AK:$AK,C86) -> 0 | G78: =COUNTIFS(COLAR!$AJ:$AJ,'TABELA POR HORA'!G60,COLAR!$AK:$AK,C86) -> 0 | H78: =COUNTIFS(COLAR!$AJ:$AJ,'TABELA POR HORA'!H60,COLAR!$AK:$AK,C86) -> 0 | I78: =COUNTIFS(COLAR!$AJ:$AJ,'TABELA POR HORA'!I60,COLAR!$AK:$AK,C86) -> 0 | J78: =COUNTIFS(COLAR!$AJ:$AJ,'TABELA POR HORA'!J60,COLAR!$AK:$AK,C86) -> 0 | L78: Tychel III | M78: =COUNTIFS(CAMISA!$AJ:$AJ,'TABELA POR HORA'!M60,CAMISA!$AK:$AK,C86) -> 0 | N78: =COUNTIFS(CAMISA!$AJ:$AJ,'TABELA POR HORA'!N60,CAMISA!$AK:$AK,C86) -> 0 | O78: =COUNTIFS(CAMISA!$AJ:$AJ,'TABELA POR HORA'!O60,CAMISA!$AK:$AK,C86) -> 0 | P78: =COUNTIFS(CAMISA!$AJ:$AJ,'TABELA POR HORA'!P60,CAMISA!$AK:$AK,C86) -> 0 | Q78: =COUNTIFS(CAMISA!$AJ:$AJ,'TABELA POR HORA'!Q60,CAMISA!$AK:$AK,C86) -> 0 | R78: =COUNTIFS(CAMISA!$AJ:$AJ,'TABELA POR HORA'!R60,CAMISA!$AK:$AK,C86) -> 0 | S78: =COUNTIFS(CAMISA!$AJ:$AJ,'TABELA POR HORA'!S60,CAMISA!$AK:$AK,C86) -> 0 | T78: =COUNTIFS(CAMISA!$AJ:$AJ,'TABELA POR HORA'!T60,CAMISA!$AK:$AK,C86) -> 0 | V78: Tychel III | W78: =COUNTIFS(BOTA!$AJ:$AJ,'TABELA POR HORA'!W60,BOTA!$AK:$AK,C86) -> 0 | X78: =COUNTIFS(BOTA!$AJ:$AJ,'TABELA POR HORA'!X60,BOTA!$AK:$AK,C86) -> 0 | Y78: =COUNTIFS(BOTA!$AJ:$AJ,'TABELA POR HORA'!Y60,BOTA!$AK:$AK,C86) -> 0 | Z78: =COUNTIFS(BOTA!$AJ:$AJ,'TABELA POR HORA'!Z60,BOTA!$AK:$AK,C86) -> 0 | AA78: =COUNTIFS(BOTA!$AJ:$AJ,'TABELA POR HORA'!AA60,BOTA!$AK:$AK,C86) -> 0 | AB78: =COUNTIFS(BOTA!$AJ:$AJ,'TABELA POR HORA'!AB60,BOTA!$AK:$AK,C86) -> 0 | AC78: =COUNTIFS(BOTA!$AJ:$AJ,'TABELA POR HORA'!AC60,BOTA!$AK:$AK,C86) -> 0 | AD78: =COUNTIFS(BOTA!$AJ:$AJ,'TABELA POR HORA'!AD60,BOTA!$AK:$AK,C86) -> 0
B79: Tychel IV | C79: =COUNTIFS(COLAR!$AL:$AL,'TABELA POR HORA'!C60,COLAR!$AM:$AM,C86) -> 0 | D79: =COUNTIFS(COLAR!$AL:$AL,'TABELA POR HORA'!D60,COLAR!$AM:$AM,C86) -> 0 | E79: =COUNTIFS(COLAR!$AL:$AL,'TABELA POR HORA'!E60,COLAR!$AM:$AM,C86) -> 0 | F79: =COUNTIFS(COLAR!$AL:$AL,'TABELA POR HORA'!F60,COLAR!$AM:$AM,C86) -> 0 | G79: =COUNTIFS(COLAR!$AL:$AL,'TABELA POR HORA'!G60,COLAR!$AM:$AM,C86) -> 0 | H79: =COUNTIFS(COLAR!$AL:$AL,'TABELA POR HORA'!H60,COLAR!$AM:$AM,C86) -> 0 | I79: =COUNTIFS(COLAR!$AL:$AL,'TABELA POR HORA'!I60,COLAR!$AM:$AM,C86) -> 0 | J79: =COUNTIFS(COLAR!$AL:$AL,'TABELA POR HORA'!J60,COLAR!$AM:$AM,C86) -> 0 | L79: Tychel IV | M79: =COUNTIFS(CAMISA!$AL:$AL,'TABELA POR HORA'!M60,CAMISA!$AM:$AM,C86) -> 0 | N79: =COUNTIFS(CAMISA!$AL:$AL,'TABELA POR HORA'!N60,CAMISA!$AM:$AM,C86) -> 0 | O79: =COUNTIFS(CAMISA!$AL:$AL,'TABELA POR HORA'!O60,CAMISA!$AM:$AM,C86) -> 0 | P79: =COUNTIFS(CAMISA!$AL:$AL,'TABELA POR HORA'!P60,CAMISA!$AM:$AM,C86) -> 0 | Q79: =COUNTIFS(CAMISA!$AL:$AL,'TABELA POR HORA'!Q60,CAMISA!$AM:$AM,C86) -> 0 | R79: =COUNTIFS(CAMISA!$AL:$AL,'TABELA POR HORA'!R60,CAMISA!$AM:$AM,C86) -> 1 | S79: =COUNTIFS(CAMISA!$AL:$AL,'TABELA POR HORA'!S60,CAMISA!$AM:$AM,C86) -> 0 | T79: =COUNTIFS(CAMISA!$AL:$AL,'TABELA POR HORA'!T60,CAMISA!$AM:$AM,C86) -> 0 | V79: Tychel IV | W79: =COUNTIFS(BOTA!$AL:$AL,'TABELA POR HORA'!W60,BOTA!$AM:$AM,C86) -> 0 | X79: =COUNTIFS(BOTA!$AL:$AL,'TABELA POR HORA'!X60,BOTA!$AM:$AM,C86) -> 0 | Y79: =COUNTIFS(BOTA!$AL:$AL,'TABELA POR HORA'!Y60,BOTA!$AM:$AM,C86) -> 0 | Z79: =COUNTIFS(BOTA!$AL:$AL,'TABELA POR HORA'!Z60,BOTA!$AM:$AM,C86) -> 0 | AA79: =COUNTIFS(BOTA!$AL:$AL,'TABELA POR HORA'!AA60,BOTA!$AM:$AM,C86) -> 0 | AB79: =COUNTIFS(BOTA!$AL:$AL,'TABELA POR HORA'!AB60,BOTA!$AM:$AM,C86) -> 0 | AC79: =COUNTIFS(BOTA!$AL:$AL,'TABELA POR HORA'!AC60,BOTA!$AM:$AM,C86) -> 0 | AD79: =COUNTIFS(BOTA!$AL:$AL,'TABELA POR HORA'!AD60,BOTA!$AM:$AM,C86) -> 0
B80: Tychel V | C80: =COUNTIFS(COLAR!$AN:$AN,'TABELA POR HORA'!C60,COLAR!$AO:$AO,C86) -> 0 | D80: =COUNTIFS(COLAR!$AN:$AN,'TABELA POR HORA'!D60,COLAR!$AO:$AO,C86) -> 0 | E80: =COUNTIFS(COLAR!$AN:$AN,'TABELA POR HORA'!E60,COLAR!$AO:$AO,C86) -> 0 | F80: =COUNTIFS(COLAR!$AN:$AN,'TABELA POR HORA'!F60,COLAR!$AO:$AO,C86) -> 0 | G80: =COUNTIFS(COLAR!$AN:$AN,'TABELA POR HORA'!G60,COLAR!$AO:$AO,C86) -> 0 | H80: =COUNTIFS(COLAR!$AN:$AN,'TABELA POR HORA'!H60,COLAR!$AO:$AO,C86) -> 0 | I80: =COUNTIFS(COLAR!$AN:$AN,'TABELA POR HORA'!I60,COLAR!$AO:$AO,C86) -> 0 | J80: =COUNTIFS(COLAR!$AN:$AN,'TABELA POR HORA'!J60,COLAR!$AO:$AO,C86) -> 0 | L80: Tychel V | M80: =COUNTIFS(CAMISA!$AN:$AN,'TABELA POR HORA'!M60,CAMISA!$AO:$AO,C86) -> 0 | N80: =COUNTIFS(CAMISA!$AN:$AN,'TABELA POR HORA'!N60,CAMISA!$AO:$AO,C86) -> 0 | O80: =COUNTIFS(CAMISA!$AN:$AN,'TABELA POR HORA'!O60,CAMISA!$AO:$AO,C86) -> 0 | P80: =COUNTIFS(CAMISA!$AN:$AN,'TABELA POR HORA'!P60,CAMISA!$AO:$AO,C86) -> 0 | Q80: =COUNTIFS(CAMISA!$AN:$AN,'TABELA POR HORA'!Q60,CAMISA!$AO:$AO,C86) -> 0 | R80: =COUNTIFS(CAMISA!$AN:$AN,'TABELA POR HORA'!R60,CAMISA!$AO:$AO,C86) -> 0 | S80: =COUNTIFS(CAMISA!$AN:$AN,'TABELA POR HORA'!S60,CAMISA!$AO:$AO,C86) -> 0 | T80: =COUNTIFS(CAMISA!$AN:$AN,'TABELA POR HORA'!T60,CAMISA!$AO:$AO,C86) -> 0 | V80: Tychel V | W80: =COUNTIFS(BOTA!$AN:$AN,'TABELA POR HORA'!W60,BOTA!$AO:$AO,C86) -> 0 | X80: =COUNTIFS(BOTA!$AN:$AN,'TABELA POR HORA'!X60,BOTA!$AO:$AO,C86) -> 0 | Y80: =COUNTIFS(BOTA!$AN:$AN,'TABELA POR HORA'!Y60,BOTA!$AO:$AO,C86) -> 0 | Z80: =COUNTIFS(BOTA!$AN:$AN,'TABELA POR HORA'!Z60,BOTA!$AO:$AO,C86) -> 0 | AA80: =COUNTIFS(BOTA!$AN:$AN,'TABELA POR HORA'!AA60,BOTA!$AO:$AO,C86) -> 0 | AB80: =COUNTIFS(BOTA!$AN:$AN,'TABELA POR HORA'!AB60,BOTA!$AO:$AO,C86) -> 0 | AC80: =COUNTIFS(BOTA!$AN:$AN,'TABELA POR HORA'!AC60,BOTA!$AO:$AO,C86) -> 0 | AD80: =COUNTIFS(BOTA!$AN:$AN,'TABELA POR HORA'!AD60,BOTA!$AO:$AO,C86) -> 0
B81: Azrael I | C81: =COUNTIFS(COLAR!$AP:$AP,'TABELA POR HORA'!C60,COLAR!$AQ:$AQ,C86) -> 0 | D81: =COUNTIFS(COLAR!$AP:$AP,'TABELA POR HORA'!D60,COLAR!$AQ:$AQ,C86) -> 0 | E81: =COUNTIFS(COLAR!$AP:$AP,'TABELA POR HORA'!E60,COLAR!$AQ:$AQ,C86) -> 0 | F81: =COUNTIFS(COLAR!$AP:$AP,'TABELA POR HORA'!F60,COLAR!$AQ:$AQ,C86) -> 0 | G81: =COUNTIFS(COLAR!$AP:$AP,'TABELA POR HORA'!G60,COLAR!$AQ:$AQ,C86) -> 0 | H81: =COUNTIFS(COLAR!$AP:$AP,'TABELA POR HORA'!H60,COLAR!$AQ:$AQ,C86) -> 0 | I81: =COUNTIFS(COLAR!$AP:$AP,'TABELA POR HORA'!I60,COLAR!$AQ:$AQ,C86) -> 0 | J81: =COUNTIFS(COLAR!$AP:$AP,'TABELA POR HORA'!J60,COLAR!$AQ:$AQ,C86) -> 0 | L81: Azrael I | M81: =COUNTIFS(CAMISA!$AP:$AP,'TABELA POR HORA'!M60,CAMISA!$AQ:$AQ,C86) -> 0 | N81: =COUNTIFS(CAMISA!$AP:$AP,'TABELA POR HORA'!N60,CAMISA!$AQ:$AQ,C86) -> 0 | O81: =COUNTIFS(CAMISA!$AP:$AP,'TABELA POR HORA'!O60,CAMISA!$AQ:$AQ,C86) -> 0 | P81: =COUNTIFS(CAMISA!$AP:$AP,'TABELA POR HORA'!P60,CAMISA!$AQ:$AQ,C86) -> 0 | Q81: =COUNTIFS(CAMISA!$AP:$AP,'TABELA POR HORA'!Q60,CAMISA!$AQ:$AQ,C86) -> 0 | R81: =COUNTIFS(CAMISA!$AP:$AP,'TABELA POR HORA'!R60,CAMISA!$AQ:$AQ,C86) -> 0 | S81: =COUNTIFS(CAMISA!$AP:$AP,'TABELA POR HORA'!S60,CAMISA!$AQ:$AQ,C86) -> 0 | T81: =COUNTIFS(CAMISA!$AP:$AP,'TABELA POR HORA'!T60,CAMISA!$AQ:$AQ,C86) -> 0 | V81: Azrael I | W81: =COUNTIFS(BOTA!$AP:$AP,'TABELA POR HORA'!W60,BOTA!$AQ:$AQ,C86) -> 0 | X81: =COUNTIFS(BOTA!$AP:$AP,'TABELA POR HORA'!X60,BOTA!$AQ:$AQ,C86) -> 0 | Y81: =COUNTIFS(BOTA!$AP:$AP,'TABELA POR HORA'!Y60,BOTA!$AQ:$AQ,C86) -> 0 | Z81: =COUNTIFS(BOTA!$AP:$AP,'TABELA POR HORA'!Z60,BOTA!$AQ:$AQ,C86) -> 0 | AA81: =COUNTIFS(BOTA!$AP:$AP,'TABELA POR HORA'!AA60,BOTA!$AQ:$AQ,C86) -> 0 | AB81: =COUNTIFS(BOTA!$AP:$AP,'TABELA POR HORA'!AB60,BOTA!$AQ:$AQ,C86) -> 0 | AC81: =COUNTIFS(BOTA!$AP:$AP,'TABELA POR HORA'!AC60,BOTA!$AQ:$AQ,C86) -> 0 | AD81: =COUNTIFS(BOTA!$AP:$AP,'TABELA POR HORA'!AD60,BOTA!$AQ:$AQ,C86) -> 0
B82: Azrael II | C82: =COUNTIFS(COLAR!$AR:$AR,'TABELA POR HORA'!C60,COLAR!$AS:$AS,C86) -> 0 | D82: =COUNTIFS(COLAR!$AR:$AR,'TABELA POR HORA'!D60,COLAR!$AS:$AS,C86) -> 0 | E82: =COUNTIFS(COLAR!$AR:$AR,'TABELA POR HORA'!E60,COLAR!$AS:$AS,C86) -> 0 | F82: =COUNTIFS(COLAR!$AR:$AR,'TABELA POR HORA'!F60,COLAR!$AS:$AS,C86) -> 0 | G82: =COUNTIFS(COLAR!$AR:$AR,'TABELA POR HORA'!G60,COLAR!$AS:$AS,C86) -> 0 | H82: =COUNTIFS(COLAR!$AR:$AR,'TABELA POR HORA'!H60,COLAR!$AS:$AS,C86) -> 0 | I82: =COUNTIFS(COLAR!$AR:$AR,'TABELA POR HORA'!I60,COLAR!$AS:$AS,C86) -> 0 | J82: =COUNTIFS(COLAR!$AR:$AR,'TABELA POR HORA'!J60,COLAR!$AS:$AS,C86) -> 0 | L82: Azrael II | M82: =COUNTIFS(CAMISA!$AR:$AR,'TABELA POR HORA'!M60,CAMISA!$AS:$AS,C86) -> 0 | N82: =COUNTIFS(CAMISA!$AR:$AR,'TABELA POR HORA'!N60,CAMISA!$AS:$AS,C86) -> 0 | O82: =COUNTIFS(CAMISA!$AR:$AR,'TABELA POR HORA'!O60,CAMISA!$AS:$AS,C86) -> 0 | P82: =COUNTIFS(CAMISA!$AR:$AR,'TABELA POR HORA'!P60,CAMISA!$AS:$AS,C86) -> 0 | Q82: =COUNTIFS(CAMISA!$AR:$AR,'TABELA POR HORA'!Q60,CAMISA!$AS:$AS,C86) -> 0 | R82: =COUNTIFS(CAMISA!$AR:$AR,'TABELA POR HORA'!R60,CAMISA!$AS:$AS,C86) -> 0 | S82: =COUNTIFS(CAMISA!$AR:$AR,'TABELA POR HORA'!S60,CAMISA!$AS:$AS,C86) -> 0 | T82: =COUNTIFS(CAMISA!$AR:$AR,'TABELA POR HORA'!T60,CAMISA!$AS:$AS,C86) -> 0 | V82: Azrael II | W82: =COUNTIFS(BOTA!$AR:$AR,'TABELA POR HORA'!W60,BOTA!$AS:$AS,C86) -> 0 | X82: =COUNTIFS(BOTA!$AR:$AR,'TABELA POR HORA'!X60,BOTA!$AS:$AS,C86) -> 0 | Y82: =COUNTIFS(BOTA!$AR:$AR,'TABELA POR HORA'!Y60,BOTA!$AS:$AS,C86) -> 0 | Z82: =COUNTIFS(BOTA!$AR:$AR,'TABELA POR HORA'!Z60,BOTA!$AS:$AS,C86) -> 0 | AA82: =COUNTIFS(BOTA!$AR:$AR,'TABELA POR HORA'!AA60,BOTA!$AS:$AS,C86) -> 0 | AB82: =COUNTIFS(BOTA!$AR:$AR,'TABELA POR HORA'!AB60,BOTA!$AS:$AS,C86) -> 0 | AC82: =COUNTIFS(BOTA!$AR:$AR,'TABELA POR HORA'!AC60,BOTA!$AS:$AS,C86) -> 0 | AD82: =COUNTIFS(BOTA!$AR:$AR,'TABELA POR HORA'!AD60,BOTA!$AS:$AS,C86) -> 0
B83: Azrael III | C83: =COUNTIFS(COLAR!$AT:$AT,'TABELA POR HORA'!C60,COLAR!$AU:$AU,C86) -> 0 | D83: =COUNTIFS(COLAR!$AT:$AT,'TABELA POR HORA'!D60,COLAR!$AU:$AU,C86) -> 0 | E83: =COUNTIFS(COLAR!$AT:$AT,'TABELA POR HORA'!E60,COLAR!$AU:$AU,C86) -> 0 | F83: =COUNTIFS(COLAR!$AT:$AT,'TABELA POR HORA'!F60,COLAR!$AU:$AU,C86) -> 0 | G83: =COUNTIFS(COLAR!$AT:$AT,'TABELA POR HORA'!G60,COLAR!$AU:$AU,C86) -> 0 | H83: =COUNTIFS(COLAR!$AT:$AT,'TABELA POR HORA'!H60,COLAR!$AU:$AU,C86) -> 0 | I83: =COUNTIFS(COLAR!$AT:$AT,'TABELA POR HORA'!I60,COLAR!$AU:$AU,C86) -> 0 | J83: =COUNTIFS(COLAR!$AT:$AT,'TABELA POR HORA'!J60,COLAR!$AU:$AU,C86) -> 0 | L83: Azrael III | M83: =COUNTIFS(CAMISA!$AT:$AT,'TABELA POR HORA'!M60,CAMISA!$AU:$AU,C86) -> 0 | N83: =COUNTIFS(CAMISA!$AT:$AT,'TABELA POR HORA'!N60,CAMISA!$AU:$AU,C86) -> 0 | O83: =COUNTIFS(CAMISA!$AT:$AT,'TABELA POR HORA'!O60,CAMISA!$AU:$AU,C86) -> 0 | P83: =COUNTIFS(CAMISA!$AT:$AT,'TABELA POR HORA'!P60,CAMISA!$AU:$AU,C86) -> 0 | Q83: =COUNTIFS(CAMISA!$AT:$AT,'TABELA POR HORA'!Q60,CAMISA!$AU:$AU,C86) -> 0 | R83: =COUNTIFS(CAMISA!$AT:$AT,'TABELA POR HORA'!R60,CAMISA!$AU:$AU,C86) -> 0 | S83: =COUNTIFS(CAMISA!$AT:$AT,'TABELA POR HORA'!S60,CAMISA!$AU:$AU,C86) -> 0 | T83: =COUNTIFS(CAMISA!$AT:$AT,'TABELA POR HORA'!T60,CAMISA!$AU:$AU,C86) -> 0 | V83: Azrael III | W83: =COUNTIFS(BOTA!$AT:$AT,'TABELA POR HORA'!W60,BOTA!$AU:$AU,C86) -> 0 | X83: =COUNTIFS(BOTA!$AT:$AT,'TABELA POR HORA'!X60,BOTA!$AU:$AU,C86) -> 0 | Y83: =COUNTIFS(BOTA!$AT:$AT,'TABELA POR HORA'!Y60,BOTA!$AU:$AU,C86) -> 0 | Z83: =COUNTIFS(BOTA!$AT:$AT,'TABELA POR HORA'!Z60,BOTA!$AU:$AU,C86) -> 0 | AA83: =COUNTIFS(BOTA!$AT:$AT,'TABELA POR HORA'!AA60,BOTA!$AU:$AU,C86) -> 0 | AB83: =COUNTIFS(BOTA!$AT:$AT,'TABELA POR HORA'!AB60,BOTA!$AU:$AU,C86) -> 0 | AC83: =COUNTIFS(BOTA!$AT:$AT,'TABELA POR HORA'!AC60,BOTA!$AU:$AU,C86) -> 0 | AD83: =COUNTIFS(BOTA!$AT:$AT,'TABELA POR HORA'!AD60,BOTA!$AU:$AU,C86) -> 0
B84: Azrael IV | C84: =COUNTIFS(COLAR!$AV:$AV,'TABELA POR HORA'!C60,COLAR!$AW:$AW,C86) -> 0 | D84: =COUNTIFS(COLAR!$AV:$AV,'TABELA POR HORA'!D60,COLAR!$AW:$AW,C86) -> 0 | E84: =COUNTIFS(COLAR!$AV:$AV,'TABELA POR HORA'!E60,COLAR!$AW:$AW,C86) -> 0 | F84: =COUNTIFS(COLAR!$AV:$AV,'TABELA POR HORA'!F60,COLAR!$AW:$AW,C86) -> 0 | G84: =COUNTIFS(COLAR!$AV:$AV,'TABELA POR HORA'!G60,COLAR!$AW:$AW,C86) -> 0 | H84: =COUNTIFS(COLAR!$AV:$AV,'TABELA POR HORA'!H60,COLAR!$AW:$AW,C86) -> 0 | I84: =COUNTIFS(COLAR!$AV:$AV,'TABELA POR HORA'!I60,COLAR!$AW:$AW,C86) -> 0 | J84: =COUNTIFS(COLAR!$AV:$AV,'TABELA POR HORA'!J60,COLAR!$AW:$AW,C86) -> 0 | L84: Azrael IV | M84: =COUNTIFS(CAMISA!$AV:$AV,'TABELA POR HORA'!M60,CAMISA!$AW:$AW,C86) -> 0 | N84: =COUNTIFS(CAMISA!$AV:$AV,'TABELA POR HORA'!N60,CAMISA!$AW:$AW,C86) -> 0 | O84: =COUNTIFS(CAMISA!$AV:$AV,'TABELA POR HORA'!O60,CAMISA!$AW:$AW,C86) -> 0 | P84: =COUNTIFS(CAMISA!$AV:$AV,'TABELA POR HORA'!P60,CAMISA!$AW:$AW,C86) -> 0 | Q84: =COUNTIFS(CAMISA!$AV:$AV,'TABELA POR HORA'!Q60,CAMISA!$AW:$AW,C86) -> 0 | R84: =COUNTIFS(CAMISA!$AV:$AV,'TABELA POR HORA'!R60,CAMISA!$AW:$AW,C86) -> 0 | S84: =COUNTIFS(CAMISA!$AV:$AV,'TABELA POR HORA'!S60,CAMISA!$AW:$AW,C86) -> 0 | T84: =COUNTIFS(CAMISA!$AV:$AV,'TABELA POR HORA'!T60,CAMISA!$AW:$AW,C86) -> 0 | V84: Azrael IV | W84: =COUNTIFS(BOTA!$AV:$AV,'TABELA POR HORA'!W60,BOTA!$AW:$AW,C86) -> 0 | X84: =COUNTIFS(BOTA!$AV:$AV,'TABELA POR HORA'!X60,BOTA!$AW:$AW,C86) -> 0 | Y84: =COUNTIFS(BOTA!$AV:$AV,'TABELA POR HORA'!Y60,BOTA!$AW:$AW,C86) -> 0 | Z84: =COUNTIFS(BOTA!$AV:$AV,'TABELA POR HORA'!Z60,BOTA!$AW:$AW,C86) -> 0 | AA84: =COUNTIFS(BOTA!$AV:$AV,'TABELA POR HORA'!AA60,BOTA!$AW:$AW,C86) -> 0 | AB84: =COUNTIFS(BOTA!$AV:$AV,'TABELA POR HORA'!AB60,BOTA!$AW:$AW,C86) -> 0 | AC84: =COUNTIFS(BOTA!$AV:$AV,'TABELA POR HORA'!AC60,BOTA!$AW:$AW,C86) -> 0 | AD84: =COUNTIFS(BOTA!$AV:$AV,'TABELA POR HORA'!AD60,BOTA!$AW:$AW,C86) -> 0
B85: Azrael V | C85: =COUNTIFS(COLAR!$AX:$AX,'TABELA POR HORA'!C60,COLAR!$AY:$AY,C86) -> 0 | D85: =COUNTIFS(COLAR!$AX:$AX,'TABELA POR HORA'!D60,COLAR!$AY:$AY,C86) -> 0 | E85: =COUNTIFS(COLAR!$AX:$AX,'TABELA POR HORA'!E60,COLAR!$AY:$AY,C86) -> 0 | F85: =COUNTIFS(COLAR!$AX:$AX,'TABELA POR HORA'!F60,COLAR!$AY:$AY,C86) -> 0 | G85: =COUNTIFS(COLAR!$AX:$AX,'TABELA POR HORA'!G60,COLAR!$AY:$AY,C86) -> 0 | H85: =COUNTIFS(COLAR!$AX:$AX,'TABELA POR HORA'!H60,COLAR!$AY:$AY,C86) -> 0 | I85: =COUNTIFS(COLAR!$AX:$AX,'TABELA POR HORA'!I60,COLAR!$AY:$AY,C86) -> 0 | J85: =COUNTIFS(COLAR!$AX:$AX,'TABELA POR HORA'!J60,COLAR!$AY:$AY,C86) -> 0 | L85: Azrael V | M85: =COUNTIFS(CAMISA!$AX:$AX,'TABELA POR HORA'!M60,CAMISA!$AY:$AY,C86) -> 0 | N85: =COUNTIFS(CAMISA!$AX:$AX,'TABELA POR HORA'!N60,CAMISA!$AY:$AY,C86) -> 0 | O85: =COUNTIFS(CAMISA!$AX:$AX,'TABELA POR HORA'!O60,CAMISA!$AY:$AY,C86) -> 0 | P85: =COUNTIFS(CAMISA!$AX:$AX,'TABELA POR HORA'!P60,CAMISA!$AY:$AY,C86) -> 0 | Q85: =COUNTIFS(CAMISA!$AX:$AX,'TABELA POR HORA'!Q60,CAMISA!$AY:$AY,C86) -> 0 | R85: =COUNTIFS(CAMISA!$AX:$AX,'TABELA POR HORA'!R60,CAMISA!$AY:$AY,C86) -> 0 | S85: =COUNTIFS(CAMISA!$AX:$AX,'TABELA POR HORA'!S60,CAMISA!$AY:$AY,C86) -> 0 | T85: =COUNTIFS(CAMISA!$AX:$AX,'TABELA POR HORA'!T60,CAMISA!$AY:$AY,C86) -> 0 | V85: Azrael V | W85: =COUNTIFS(BOTA!$AX:$AX,'TABELA POR HORA'!W60,BOTA!$AY:$AY,C86) -> 0 | X85: =COUNTIFS(BOTA!$AX:$AX,'TABELA POR HORA'!X60,BOTA!$AY:$AY,C86) -> 0 | Y85: =COUNTIFS(BOTA!$AX:$AX,'TABELA POR HORA'!Y60,BOTA!$AY:$AY,C86) -> 0 | Z85: =COUNTIFS(BOTA!$AX:$AX,'TABELA POR HORA'!Z60,BOTA!$AY:$AY,C86) -> 0 | AA85: =COUNTIFS(BOTA!$AX:$AX,'TABELA POR HORA'!AA60,BOTA!$AY:$AY,C86) -> 0 | AB85: =COUNTIFS(BOTA!$AX:$AX,'TABELA POR HORA'!AB60,BOTA!$AY:$AY,C86) -> 0 | AC85: =COUNTIFS(BOTA!$AX:$AX,'TABELA POR HORA'!AC60,BOTA!$AY:$AY,C86) -> 0 | AD85: =COUNTIFS(BOTA!$AX:$AX,'TABELA POR HORA'!AD60,BOTA!$AY:$AY,C86) -> 0
A86: 1 | B86: HORA | C86: 1
B87: COLAR | C87: CHEFE | D87: ETERNID | E87: MARTE | F87: FINALID | G87: ORIGEM | H87: PILAR | I87: TROVÃO | J87: HO-OH | L87: CAMISA | M87: CHEFE | N87: ETERNID | O87: MARTE | P87: FINALID | Q87: ORIGEM | R87: PILAR | S87: TROVÃO | T87: HO-OH | V87: BOTA | W87: CHEFE | X87: ETERNID | Y87: MARTE | Z87: FINALID | AA87: ORIGEM | AB87: PILAR | AC87: TROVÃO | AD87: HO-OH
B88: Titânio I | C88: =IFERROR(IF(C61/(SUM(C61:J61))=0,"",C61/(SUM(C61:J61))),"") | D88: =IFERROR(IF(D61/(SUM(C61:J61))=0,"",D61/(SUM(C61:J61))),"") | E88: =IFERROR(IF(E61/(SUM(C61:J61))=0,"",E61/(SUM(C61:J61))),"") | F88: =IFERROR(IF(F61/(SUM(C61:J61))=0,"",F61/(SUM(C61:J61))),"") | G88: =IFERROR(IF(G61/(SUM(C61:J61))=0,"",G61/(SUM(C61:J61))),"") | H88: =IFERROR(IF(H61/(SUM(C61:J61))=0,"",H61/(SUM(C61:J61))),"") | I88: =IFERROR(IF(I61/(SUM(C61:J61))=0,"",I61/(SUM(C61:J61))),"") | J88: =IFERROR(IF(J61/(SUM(C61:J61))=0,"",J61/(SUM(C61:J61))),"") | L88: Titânio I | M88: =IFERROR(IF(M61/(SUM(M61:T61))=0,"",M61/(SUM(M61:T61))),"") | N88: =IFERROR(IF(N61/(SUM(M61:T61))=0,"",N61/(SUM(M61:T61))),"") | O88: =IFERROR(IF(O61/(SUM(M61:T61))=0,"",O61/(SUM(M61:T61))),"") | P88: =IFERROR(IF(P61/(SUM(M61:T61))=0,"",P61/(SUM(M61:T61))),"") | Q88: =IFERROR(IF(Q61/(SUM(M61:T61))=0,"",Q61/(SUM(M61:T61))),"") | R88: =IFERROR(IF(R61/(SUM(M61:T61))=0,"",R61/(SUM(M61:T61))),"") | S88: =IFERROR(IF(S61/(SUM(M61:T61))=0,"",S61/(SUM(M61:T61))),"") | T88: =IFERROR(IF(T61/(SUM(M61:T61))=0,"",T61/(SUM(M61:T61))),"") | V88: Titânio I | W88: =IFERROR(IF(W61/(SUM(W61:AD61))=0,"",W61/(SUM(W61:AD61))),"") | X88: =IFERROR(IF(X61/(SUM(W61:AD61))=0,"",X61/(SUM(W61:AD61))),"") | Y88: =IFERROR(IF(Y61/(SUM(W61:AD61))=0,"",Y61/(SUM(W61:AD61))),"") | Z88: =IFERROR(IF(Z61/(SUM(W61:AD61))=0,"",Z61/(SUM(W61:AD61))),"") | AA88: =IFERROR(IF(AA61/(SUM(W61:AD61))=0,"",AA61/(SUM(W61:AD61))),"") | AB88: =IFERROR(IF(AB61/(SUM(W61:AD61))=0,"",AB61/(SUM(W61:AD61))),"") | AC88: =IFERROR(IF(AC61/(SUM(W61:AD61))=0,"",AC61/(SUM(W61:AD61))),"") | AD88: =IFERROR(IF(AD61/(SUM(W61:AD61))=0,"",AD61/(SUM(W61:AD61))),"")
B89: Titânio II | C89: =IFERROR(IF(C62/(SUM(C62:J62))=0,"",C62/(SUM(C62:J62))),"") | D89: =IFERROR(IF(D62/(SUM(C62:J62))=0,"",D62/(SUM(C62:J62))),"") | E89: =IFERROR(IF(E62/(SUM(C62:J62))=0,"",E62/(SUM(C62:J62))),"") | F89: =IFERROR(IF(F62/(SUM(C62:J62))=0,"",F62/(SUM(C62:J62))),"") | G89: =IFERROR(IF(G62/(SUM(C62:J62))=0,"",G62/(SUM(C62:J62))),"") | H89: =IFERROR(IF(H62/(SUM(C62:J62))=0,"",H62/(SUM(C62:J62))),"") | I89: =IFERROR(IF(I62/(SUM(C62:J62))=0,"",I62/(SUM(C62:J62))),"") | J89: =IFERROR(IF(J62/(SUM(C62:J62))=0,"",J62/(SUM(C62:J62))),"") | L89: Titânio II | M89: =IFERROR(IF(M62/(SUM(M62:T62))=0,"",M62/(SUM(M62:T62))),"") | N89: =IFERROR(IF(N62/(SUM(M62:T62))=0,"",N62/(SUM(M62:T62))),"") | O89: =IFERROR(IF(O62/(SUM(M62:T62))=0,"",O62/(SUM(M62:T62))),"") | P89: =IFERROR(IF(P62/(SUM(M62:T62))=0,"",P62/(SUM(M62:T62))),"") | Q89: =IFERROR(IF(Q62/(SUM(M62:T62))=0,"",Q62/(SUM(M62:T62))),"") | R89: =IFERROR(IF(R62/(SUM(M62:T62))=0,"",R62/(SUM(M62:T62))),"") | S89: =IFERROR(IF(S62/(SUM(M62:T62))=0,"",S62/(SUM(M62:T62))),"") | T89: =IFERROR(IF(T62/(SUM(M62:T62))=0,"",T62/(SUM(M62:T62))),"") | V89: Titânio II | W89: =IFERROR(IF(W62/(SUM(W62:AD62))=0,"",W62/(SUM(W62:AD62))),"") | X89: =IFERROR(IF(X62/(SUM(W62:AD62))=0,"",X62/(SUM(W62:AD62))),"") | Y89: =IFERROR(IF(Y62/(SUM(W62:AD62))=0,"",Y62/(SUM(W62:AD62))),"") | Z89: =IFERROR(IF(Z62/(SUM(W62:AD62))=0,"",Z62/(SUM(W62:AD62))),"") | AA89: =IFERROR(IF(AA62/(SUM(W62:AD62))=0,"",AA62/(SUM(W62:AD62))),"") | AB89: =IFERROR(IF(AB62/(SUM(W62:AD62))=0,"",AB62/(SUM(W62:AD62))),"") | AC89: =IFERROR(IF(AC62/(SUM(W62:AD62))=0,"",AC62/(SUM(W62:AD62))),"") | AD89: =IFERROR(IF(AD62/(SUM(W62:AD62))=0,"",AD62/(SUM(W62:AD62))),"")
B90: Titânio III | C90: =IFERROR(IF(C63/(SUM(C63:J63))=0,"",C63/(SUM(C63:J63))),"") | D90: =IFERROR(IF(D63/(SUM(C63:J63))=0,"",D63/(SUM(C63:J63))),"") | E90: =IFERROR(IF(E63/(SUM(C63:J63))=0,"",E63/(SUM(C63:J63))),"") | F90: =IFERROR(IF(F63/(SUM(C63:J63))=0,"",F63/(SUM(C63:J63))),"") | G90: =IFERROR(IF(G63/(SUM(C63:J63))=0,"",G63/(SUM(C63:J63))),"") | H90: =IFERROR(IF(H63/(SUM(C63:J63))=0,"",H63/(SUM(C63:J63))),"") | I90: =IFERROR(IF(I63/(SUM(C63:J63))=0,"",I63/(SUM(C63:J63))),"") | J90: =IFERROR(IF(J63/(SUM(C63:J63))=0,"",J63/(SUM(C63:J63))),"") | L90: Titânio III | M90: =IFERROR(IF(M63/(SUM(M63:T63))=0,"",M63/(SUM(M63:T63))),"") | N90: =IFERROR(IF(N63/(SUM(M63:T63))=0,"",N63/(SUM(M63:T63))),"") | O90: =IFERROR(IF(O63/(SUM(M63:T63))=0,"",O63/(SUM(M63:T63))),"") | P90: =IFERROR(IF(P63/(SUM(M63:T63))=0,"",P63/(SUM(M63:T63))),"") | Q90: =IFERROR(IF(Q63/(SUM(M63:T63))=0,"",Q63/(SUM(M63:T63))),"") | R90: =IFERROR(IF(R63/(SUM(M63:T63))=0,"",R63/(SUM(M63:T63))),"") | S90: =IFERROR(IF(S63/(SUM(M63:T63))=0,"",S63/(SUM(M63:T63))),"") | T90: =IFERROR(IF(T63/(SUM(M63:T63))=0,"",T63/(SUM(M63:T63))),"") | V90: Titânio III | W90: =IFERROR(IF(W63/(SUM(W63:AD63))=0,"",W63/(SUM(W63:AD63))),"") | X90: =IFERROR(IF(X63/(SUM(W63:AD63))=0,"",X63/(SUM(W63:AD63))),"") | Y90: =IFERROR(IF(Y63/(SUM(W63:AD63))=0,"",Y63/(SUM(W63:AD63))),"") | Z90: =IFERROR(IF(Z63/(SUM(W63:AD63))=0,"",Z63/(SUM(W63:AD63))),"") | AA90: =IFERROR(IF(AA63/(SUM(W63:AD63))=0,"",AA63/(SUM(W63:AD63))),"") | AB90: =IFERROR(IF(AB63/(SUM(W63:AD63))=0,"",AB63/(SUM(W63:AD63))),"") | AC90: =IFERROR(IF(AC63/(SUM(W63:AD63))=0,"",AC63/(SUM(W63:AD63))),"") | AD90: =IFERROR(IF(AD63/(SUM(W63:AD63))=0,"",AD63/(SUM(W63:AD63))),"")
B91: Titânio IV | C91: =IFERROR(IF(C64/(SUM(C64:J64))=0,"",C64/(SUM(C64:J64))),"") | D91: =IFERROR(IF(D64/(SUM(C64:J64))=0,"",D64/(SUM(C64:J64))),"") -> 1 | E91: =IFERROR(IF(E64/(SUM(C64:J64))=0,"",E64/(SUM(C64:J64))),"") | F91: =IFERROR(IF(F64/(SUM(C64:J64))=0,"",F64/(SUM(C64:J64))),"") | G91: =IFERROR(IF(G64/(SUM(C64:J64))=0,"",G64/(SUM(C64:J64))),"") | H91: =IFERROR(IF(H64/(SUM(C64:J64))=0,"",H64/(SUM(C64:J64))),"") | I91: =IFERROR(IF(I64/(SUM(C64:J64))=0,"",I64/(SUM(C64:J64))),"") | J91: =IFERROR(IF(J64/(SUM(C64:J64))=0,"",J64/(SUM(C64:J64))),"") | L91: Titânio IV | M91: =IFERROR(IF(M64/(SUM(M64:T64))=0,"",M64/(SUM(M64:T64))),"") | N91: =IFERROR(IF(N64/(SUM(M64:T64))=0,"",N64/(SUM(M64:T64))),"") | O91: =IFERROR(IF(O64/(SUM(M64:T64))=0,"",O64/(SUM(M64:T64))),"") | P91: =IFERROR(IF(P64/(SUM(M64:T64))=0,"",P64/(SUM(M64:T64))),"") | Q91: =IFERROR(IF(Q64/(SUM(M64:T64))=0,"",Q64/(SUM(M64:T64))),"") | R91: =IFERROR(IF(R64/(SUM(M64:T64))=0,"",R64/(SUM(M64:T64))),"") | S91: =IFERROR(IF(S64/(SUM(M64:T64))=0,"",S64/(SUM(M64:T64))),"") | T91: =IFERROR(IF(T64/(SUM(M64:T64))=0,"",T64/(SUM(M64:T64))),"") | V91: Titânio IV | W91: =IFERROR(IF(W64/(SUM(W64:AD64))=0,"",W64/(SUM(W64:AD64))),"") | X91: =IFERROR(IF(X64/(SUM(W64:AD64))=0,"",X64/(SUM(W64:AD64))),"") | Y91: =IFERROR(IF(Y64/(SUM(W64:AD64))=0,"",Y64/(SUM(W64:AD64))),"") | Z91: =IFERROR(IF(Z64/(SUM(W64:AD64))=0,"",Z64/(SUM(W64:AD64))),"") | AA91: =IFERROR(IF(AA64/(SUM(W64:AD64))=0,"",AA64/(SUM(W64:AD64))),"") | AB91: =IFERROR(IF(AB64/(SUM(W64:AD64))=0,"",AB64/(SUM(W64:AD64))),"") | AC91: =IFERROR(IF(AC64/(SUM(W64:AD64))=0,"",AC64/(SUM(W64:AD64))),"") | AD91: =IFERROR(IF(AD64/(SUM(W64:AD64))=0,"",AD64/(SUM(W64:AD64))),"")
B92: Titânio V | C92: =IFERROR(IF(C65/(SUM(C65:J65))=0,"",C65/(SUM(C65:J65))),"") | D92: =IFERROR(IF(D65/(SUM(C65:J65))=0,"",D65/(SUM(C65:J65))),"") | E92: =IFERROR(IF(E65/(SUM(C65:J65))=0,"",E65/(SUM(C65:J65))),"") | F92: =IFERROR(IF(F65/(SUM(C65:J65))=0,"",F65/(SUM(C65:J65))),"") | G92: =IFERROR(IF(G65/(SUM(C65:J65))=0,"",G65/(SUM(C65:J65))),"") | H92: =IFERROR(IF(H65/(SUM(C65:J65))=0,"",H65/(SUM(C65:J65))),"") | I92: =IFERROR(IF(I65/(SUM(C65:J65))=0,"",I65/(SUM(C65:J65))),"") | J92: =IFERROR(IF(J65/(SUM(C65:J65))=0,"",J65/(SUM(C65:J65))),"") | L92: Titânio V | M92: =IFERROR(IF(M65/(SUM(M65:T65))=0,"",M65/(SUM(M65:T65))),"") | N92: =IFERROR(IF(N65/(SUM(M65:T65))=0,"",N65/(SUM(M65:T65))),"") | O92: =IFERROR(IF(O65/(SUM(M65:T65))=0,"",O65/(SUM(M65:T65))),"") | P92: =IFERROR(IF(P65/(SUM(M65:T65))=0,"",P65/(SUM(M65:T65))),"") | Q92: =IFERROR(IF(Q65/(SUM(M65:T65))=0,"",Q65/(SUM(M65:T65))),"") | R92: =IFERROR(IF(R65/(SUM(M65:T65))=0,"",R65/(SUM(M65:T65))),"") | S92: =IFERROR(IF(S65/(SUM(M65:T65))=0,"",S65/(SUM(M65:T65))),"") | T92: =IFERROR(IF(T65/(SUM(M65:T65))=0,"",T65/(SUM(M65:T65))),"") | V92: Titânio V | W92: =IFERROR(IF(W65/(SUM(W65:AD65))=0,"",W65/(SUM(W65:AD65))),"") | X92: =IFERROR(IF(X65/(SUM(W65:AD65))=0,"",X65/(SUM(W65:AD65))),"") | Y92: =IFERROR(IF(Y65/(SUM(W65:AD65))=0,"",Y65/(SUM(W65:AD65))),"") | Z92: =IFERROR(IF(Z65/(SUM(W65:AD65))=0,"",Z65/(SUM(W65:AD65))),"") | AA92: =IFERROR(IF(AA65/(SUM(W65:AD65))=0,"",AA65/(SUM(W65:AD65))),"") | AB92: =IFERROR(IF(AB65/(SUM(W65:AD65))=0,"",AB65/(SUM(W65:AD65))),"") | AC92: =IFERROR(IF(AC65/(SUM(W65:AD65))=0,"",AC65/(SUM(W65:AD65))),"") | AD92: =IFERROR(IF(AD65/(SUM(W65:AD65))=0,"",AD65/(SUM(W65:AD65))),"")
B93: Estrelar I | C93: =IFERROR(IF(C66/(SUM(C66:J66))=0,"",C66/(SUM(C66:J66))),"") | D93: =IFERROR(IF(D66/(SUM(C66:J66))=0,"",D66/(SUM(C66:J66))),"") | E93: =IFERROR(IF(E66/(SUM(C66:J66))=0,"",E66/(SUM(C66:J66))),"") | F93: =IFERROR(IF(F66/(SUM(C66:J66))=0,"",F66/(SUM(C66:J66))),"") | G93: =IFERROR(IF(G66/(SUM(C66:J66))=0,"",G66/(SUM(C66:J66))),"") | H93: =IFERROR(IF(H66/(SUM(C66:J66))=0,"",H66/(SUM(C66:J66))),"") | I93: =IFERROR(IF(I66/(SUM(C66:J66))=0,"",I66/(SUM(C66:J66))),"") | J93: =IFERROR(IF(J66/(SUM(C66:J66))=0,"",J66/(SUM(C66:J66))),"") | L93: Estrelar I | M93: =IFERROR(IF(M66/(SUM(M66:T66))=0,"",M66/(SUM(M66:T66))),"") | N93: =IFERROR(IF(N66/(SUM(M66:T66))=0,"",N66/(SUM(M66:T66))),"") | O93: =IFERROR(IF(O66/(SUM(M66:T66))=0,"",O66/(SUM(M66:T66))),"") | P93: =IFERROR(IF(P66/(SUM(M66:T66))=0,"",P66/(SUM(M66:T66))),"") | Q93: =IFERROR(IF(Q66/(SUM(M66:T66))=0,"",Q66/(SUM(M66:T66))),"") | R93: =IFERROR(IF(R66/(SUM(M66:T66))=0,"",R66/(SUM(M66:T66))),"") | S93: =IFERROR(IF(S66/(SUM(M66:T66))=0,"",S66/(SUM(M66:T66))),"") | T93: =IFERROR(IF(T66/(SUM(M66:T66))=0,"",T66/(SUM(M66:T66))),"") | V93: Estrelar I | W93: =IFERROR(IF(W66/(SUM(W66:AD66))=0,"",W66/(SUM(W66:AD66))),"") | X93: =IFERROR(IF(X66/(SUM(W66:AD66))=0,"",X66/(SUM(W66:AD66))),"") | Y93: =IFERROR(IF(Y66/(SUM(W66:AD66))=0,"",Y66/(SUM(W66:AD66))),"") | Z93: =IFERROR(IF(Z66/(SUM(W66:AD66))=0,"",Z66/(SUM(W66:AD66))),"") | AA93: =IFERROR(IF(AA66/(SUM(W66:AD66))=0,"",AA66/(SUM(W66:AD66))),"") | AB93: =IFERROR(IF(AB66/(SUM(W66:AD66))=0,"",AB66/(SUM(W66:AD66))),"") | AC93: =IFERROR(IF(AC66/(SUM(W66:AD66))=0,"",AC66/(SUM(W66:AD66))),"") | AD93: =IFERROR(IF(AD66/(SUM(W66:AD66))=0,"",AD66/(SUM(W66:AD66))),"")
B94: Estrelar II | C94: =IFERROR(IF(C67/(SUM(C67:J67))=0,"",C67/(SUM(C67:J67))),"") | D94: =IFERROR(IF(D67/(SUM(C67:J67))=0,"",D67/(SUM(C67:J67))),"") | E94: =IFERROR(IF(E67/(SUM(C67:J67))=0,"",E67/(SUM(C67:J67))),"") | F94: =IFERROR(IF(F67/(SUM(C67:J67))=0,"",F67/(SUM(C67:J67))),"") | G94: =IFERROR(IF(G67/(SUM(C67:J67))=0,"",G67/(SUM(C67:J67))),"") | H94: =IFERROR(IF(H67/(SUM(C67:J67))=0,"",H67/(SUM(C67:J67))),"") | I94: =IFERROR(IF(I67/(SUM(C67:J67))=0,"",I67/(SUM(C67:J67))),"") | J94: =IFERROR(IF(J67/(SUM(C67:J67))=0,"",J67/(SUM(C67:J67))),"") | L94: Estrelar II | M94: =IFERROR(IF(M67/(SUM(M67:T67))=0,"",M67/(SUM(M67:T67))),"") | N94: =IFERROR(IF(N67/(SUM(M67:T67))=0,"",N67/(SUM(M67:T67))),"") | O94: =IFERROR(IF(O67/(SUM(M67:T67))=0,"",O67/(SUM(M67:T67))),"") | P94: =IFERROR(IF(P67/(SUM(M67:T67))=0,"",P67/(SUM(M67:T67))),"") | Q94: =IFERROR(IF(Q67/(SUM(M67:T67))=0,"",Q67/(SUM(M67:T67))),"") | R94: =IFERROR(IF(R67/(SUM(M67:T67))=0,"",R67/(SUM(M67:T67))),"") | S94: =IFERROR(IF(S67/(SUM(M67:T67))=0,"",S67/(SUM(M67:T67))),"") | T94: =IFERROR(IF(T67/(SUM(M67:T67))=0,"",T67/(SUM(M67:T67))),"") | V94: Estrelar II | W94: =IFERROR(IF(W67/(SUM(W67:AD67))=0,"",W67/(SUM(W67:AD67))),"") | X94: =IFERROR(IF(X67/(SUM(W67:AD67))=0,"",X67/(SUM(W67:AD67))),"") | Y94: =IFERROR(IF(Y67/(SUM(W67:AD67))=0,"",Y67/(SUM(W67:AD67))),"") | Z94: =IFERROR(IF(Z67/(SUM(W67:AD67))=0,"",Z67/(SUM(W67:AD67))),"") | AA94: =IFERROR(IF(AA67/(SUM(W67:AD67))=0,"",AA67/(SUM(W67:AD67))),"") | AB94: =IFERROR(IF(AB67/(SUM(W67:AD67))=0,"",AB67/(SUM(W67:AD67))),"") | AC94: =IFERROR(IF(AC67/(SUM(W67:AD67))=0,"",AC67/(SUM(W67:AD67))),"") | AD94: =IFERROR(IF(AD67/(SUM(W67:AD67))=0,"",AD67/(SUM(W67:AD67))),"")
B95: Estrelar III | C95: =IFERROR(IF(C68/(SUM(C68:J68))=0,"",C68/(SUM(C68:J68))),"") | D95: =IFERROR(IF(D68/(SUM(C68:J68))=0,"",D68/(SUM(C68:J68))),"") | E95: =IFERROR(IF(E68/(SUM(C68:J68))=0,"",E68/(SUM(C68:J68))),"") | F95: =IFERROR(IF(F68/(SUM(C68:J68))=0,"",F68/(SUM(C68:J68))),"") | G95: =IFERROR(IF(G68/(SUM(C68:J68))=0,"",G68/(SUM(C68:J68))),"") | H95: =IFERROR(IF(H68/(SUM(C68:J68))=0,"",H68/(SUM(C68:J68))),"") | I95: =IFERROR(IF(I68/(SUM(C68:J68))=0,"",I68/(SUM(C68:J68))),"") | J95: =IFERROR(IF(J68/(SUM(C68:J68))=0,"",J68/(SUM(C68:J68))),"") | L95: Estrelar III | M95: =IFERROR(IF(M68/(SUM(M68:T68))=0,"",M68/(SUM(M68:T68))),"") | N95: =IFERROR(IF(N68/(SUM(M68:T68))=0,"",N68/(SUM(M68:T68))),"") | O95: =IFERROR(IF(O68/(SUM(M68:T68))=0,"",O68/(SUM(M68:T68))),"") | P95: =IFERROR(IF(P68/(SUM(M68:T68))=0,"",P68/(SUM(M68:T68))),"") | Q95: =IFERROR(IF(Q68/(SUM(M68:T68))=0,"",Q68/(SUM(M68:T68))),"") | R95: =IFERROR(IF(R68/(SUM(M68:T68))=0,"",R68/(SUM(M68:T68))),"") | S95: =IFERROR(IF(S68/(SUM(M68:T68))=0,"",S68/(SUM(M68:T68))),"") | T95: =IFERROR(IF(T68/(SUM(M68:T68))=0,"",T68/(SUM(M68:T68))),"") | V95: Estrelar III | W95: =IFERROR(IF(W68/(SUM(W68:AD68))=0,"",W68/(SUM(W68:AD68))),"") | X95: =IFERROR(IF(X68/(SUM(W68:AD68))=0,"",X68/(SUM(W68:AD68))),"") | Y95: =IFERROR(IF(Y68/(SUM(W68:AD68))=0,"",Y68/(SUM(W68:AD68))),"") | Z95: =IFERROR(IF(Z68/(SUM(W68:AD68))=0,"",Z68/(SUM(W68:AD68))),"") | AA95: =IFERROR(IF(AA68/(SUM(W68:AD68))=0,"",AA68/(SUM(W68:AD68))),"") | AB95: =IFERROR(IF(AB68/(SUM(W68:AD68))=0,"",AB68/(SUM(W68:AD68))),"") | AC95: =IFERROR(IF(AC68/(SUM(W68:AD68))=0,"",AC68/(SUM(W68:AD68))),"") | AD95: =IFERROR(IF(AD68/(SUM(W68:AD68))=0,"",AD68/(SUM(W68:AD68))),"")
B96: Estrelar IV | C96: =IFERROR(IF(C69/(SUM(C69:J69))=0,"",C69/(SUM(C69:J69))),"") | D96: =IFERROR(IF(D69/(SUM(C69:J69))=0,"",D69/(SUM(C69:J69))),"") | E96: =IFERROR(IF(E69/(SUM(C69:J69))=0,"",E69/(SUM(C69:J69))),"") | F96: =IFERROR(IF(F69/(SUM(C69:J69))=0,"",F69/(SUM(C69:J69))),"") | G96: =IFERROR(IF(G69/(SUM(C69:J69))=0,"",G69/(SUM(C69:J69))),"") | H96: =IFERROR(IF(H69/(SUM(C69:J69))=0,"",H69/(SUM(C69:J69))),"") | I96: =IFERROR(IF(I69/(SUM(C69:J69))=0,"",I69/(SUM(C69:J69))),"") | J96: =IFERROR(IF(J69/(SUM(C69:J69))=0,"",J69/(SUM(C69:J69))),"") | L96: Estrelar IV | M96: =IFERROR(IF(M69/(SUM(M69:T69))=0,"",M69/(SUM(M69:T69))),"") | N96: =IFERROR(IF(N69/(SUM(M69:T69))=0,"",N69/(SUM(M69:T69))),"") | O96: =IFERROR(IF(O69/(SUM(M69:T69))=0,"",O69/(SUM(M69:T69))),"") | P96: =IFERROR(IF(P69/(SUM(M69:T69))=0,"",P69/(SUM(M69:T69))),"") | Q96: =IFERROR(IF(Q69/(SUM(M69:T69))=0,"",Q69/(SUM(M69:T69))),"") | R96: =IFERROR(IF(R69/(SUM(M69:T69))=0,"",R69/(SUM(M69:T69))),"") | S96: =IFERROR(IF(S69/(SUM(M69:T69))=0,"",S69/(SUM(M69:T69))),"") | T96: =IFERROR(IF(T69/(SUM(M69:T69))=0,"",T69/(SUM(M69:T69))),"") | V96: Estrelar IV | W96: =IFERROR(IF(W69/(SUM(W69:AD69))=0,"",W69/(SUM(W69:AD69))),"") | X96: =IFERROR(IF(X69/(SUM(W69:AD69))=0,"",X69/(SUM(W69:AD69))),"") | Y96: =IFERROR(IF(Y69/(SUM(W69:AD69))=0,"",Y69/(SUM(W69:AD69))),"") | Z96: =IFERROR(IF(Z69/(SUM(W69:AD69))=0,"",Z69/(SUM(W69:AD69))),"") | AA96: =IFERROR(IF(AA69/(SUM(W69:AD69))=0,"",AA69/(SUM(W69:AD69))),"") | AB96: =IFERROR(IF(AB69/(SUM(W69:AD69))=0,"",AB69/(SUM(W69:AD69))),"") | AC96: =IFERROR(IF(AC69/(SUM(W69:AD69))=0,"",AC69/(SUM(W69:AD69))),"") | AD96: =IFERROR(IF(AD69/(SUM(W69:AD69))=0,"",AD69/(SUM(W69:AD69))),"")
B97: Estrelar V | C97: =IFERROR(IF(C70/(SUM(C70:J70))=0,"",C70/(SUM(C70:J70))),"") | D97: =IFERROR(IF(D70/(SUM(C70:J70))=0,"",D70/(SUM(C70:J70))),"") | E97: =IFERROR(IF(E70/(SUM(C70:J70))=0,"",E70/(SUM(C70:J70))),"") | F97: =IFERROR(IF(F70/(SUM(C70:J70))=0,"",F70/(SUM(C70:J70))),"") | G97: =IFERROR(IF(G70/(SUM(C70:J70))=0,"",G70/(SUM(C70:J70))),"") | H97: =IFERROR(IF(H70/(SUM(C70:J70))=0,"",H70/(SUM(C70:J70))),"") | I97: =IFERROR(IF(I70/(SUM(C70:J70))=0,"",I70/(SUM(C70:J70))),"") | J97: =IFERROR(IF(J70/(SUM(C70:J70))=0,"",J70/(SUM(C70:J70))),"") | L97: Estrelar V | M97: =IFERROR(IF(M70/(SUM(M70:T70))=0,"",M70/(SUM(M70:T70))),"") | N97: =IFERROR(IF(N70/(SUM(M70:T70))=0,"",N70/(SUM(M70:T70))),"") | O97: =IFERROR(IF(O70/(SUM(M70:T70))=0,"",O70/(SUM(M70:T70))),"") | P97: =IFERROR(IF(P70/(SUM(M70:T70))=0,"",P70/(SUM(M70:T70))),"") | Q97: =IFERROR(IF(Q70/(SUM(M70:T70))=0,"",Q70/(SUM(M70:T70))),"") | R97: =IFERROR(IF(R70/(SUM(M70:T70))=0,"",R70/(SUM(M70:T70))),"") | S97: =IFERROR(IF(S70/(SUM(M70:T70))=0,"",S70/(SUM(M70:T70))),"") | T97: =IFERROR(IF(T70/(SUM(M70:T70))=0,"",T70/(SUM(M70:T70))),"") | V97: Estrelar V | W97: =IFERROR(IF(W70/(SUM(W70:AD70))=0,"",W70/(SUM(W70:AD70))),"") | X97: =IFERROR(IF(X70/(SUM(W70:AD70))=0,"",X70/(SUM(W70:AD70))),"") | Y97: =IFERROR(IF(Y70/(SUM(W70:AD70))=0,"",Y70/(SUM(W70:AD70))),"") | Z97: =IFERROR(IF(Z70/(SUM(W70:AD70))=0,"",Z70/(SUM(W70:AD70))),"") | AA97: =IFERROR(IF(AA70/(SUM(W70:AD70))=0,"",AA70/(SUM(W70:AD70))),"") | AB97: =IFERROR(IF(AB70/(SUM(W70:AD70))=0,"",AB70/(SUM(W70:AD70))),"") | AC97: =IFERROR(IF(AC70/(SUM(W70:AD70))=0,"",AC70/(SUM(W70:AD70))),"") | AD97: =IFERROR(IF(AD70/(SUM(W70:AD70))=0,"",AD70/(SUM(W70:AD70))),"")
B98: Sacrifício I | C98: =IFERROR(IF(C71/(SUM(C71:J71))=0,"",C71/(SUM(C71:J71))),"") | D98: =IFERROR(IF(D71/(SUM(C71:J71))=0,"",D71/(SUM(C71:J71))),"") | E98: =IFERROR(IF(E71/(SUM(C71:J71))=0,"",E71/(SUM(C71:J71))),"") | F98: =IFERROR(IF(F71/(SUM(C71:J71))=0,"",F71/(SUM(C71:J71))),"") | G98: =IFERROR(IF(G71/(SUM(C71:J71))=0,"",G71/(SUM(C71:J71))),"") | H98: =IFERROR(IF(H71/(SUM(C71:J71))=0,"",H71/(SUM(C71:J71))),"") | I98: =IFERROR(IF(I71/(SUM(C71:J71))=0,"",I71/(SUM(C71:J71))),"") | J98: =IFERROR(IF(J71/(SUM(C71:J71))=0,"",J71/(SUM(C71:J71))),"") | L98: Sacrifício I | M98: =IFERROR(IF(M71/(SUM(M71:T71))=0,"",M71/(SUM(M71:T71))),"") | N98: =IFERROR(IF(N71/(SUM(M71:T71))=0,"",N71/(SUM(M71:T71))),"") | O98: =IFERROR(IF(O71/(SUM(M71:T71))=0,"",O71/(SUM(M71:T71))),"") | P98: =IFERROR(IF(P71/(SUM(M71:T71))=0,"",P71/(SUM(M71:T71))),"") | Q98: =IFERROR(IF(Q71/(SUM(M71:T71))=0,"",Q71/(SUM(M71:T71))),"") | R98: =IFERROR(IF(R71/(SUM(M71:T71))=0,"",R71/(SUM(M71:T71))),"") | S98: =IFERROR(IF(S71/(SUM(M71:T71))=0,"",S71/(SUM(M71:T71))),"") | T98: =IFERROR(IF(T71/(SUM(M71:T71))=0,"",T71/(SUM(M71:T71))),"") | V98: Sacrifício I | W98: =IFERROR(IF(W71/(SUM(W71:AD71))=0,"",W71/(SUM(W71:AD71))),"") | X98: =IFERROR(IF(X71/(SUM(W71:AD71))=0,"",X71/(SUM(W71:AD71))),"") | Y98: =IFERROR(IF(Y71/(SUM(W71:AD71))=0,"",Y71/(SUM(W71:AD71))),"") | Z98: =IFERROR(IF(Z71/(SUM(W71:AD71))=0,"",Z71/(SUM(W71:AD71))),"") | AA98: =IFERROR(IF(AA71/(SUM(W71:AD71))=0,"",AA71/(SUM(W71:AD71))),"") | AB98: =IFERROR(IF(AB71/(SUM(W71:AD71))=0,"",AB71/(SUM(W71:AD71))),"") | AC98: =IFERROR(IF(AC71/(SUM(W71:AD71))=0,"",AC71/(SUM(W71:AD71))),"") | AD98: =IFERROR(IF(AD71/(SUM(W71:AD71))=0,"",AD71/(SUM(W71:AD71))),"")
B99: Sacrifício II | C99: =IFERROR(IF(C72/(SUM(C72:J72))=0,"",C72/(SUM(C72:J72))),"") | D99: =IFERROR(IF(D72/(SUM(C72:J72))=0,"",D72/(SUM(C72:J72))),"") | E99: =IFERROR(IF(E72/(SUM(C72:J72))=0,"",E72/(SUM(C72:J72))),"") | F99: =IFERROR(IF(F72/(SUM(C72:J72))=0,"",F72/(SUM(C72:J72))),"") | G99: =IFERROR(IF(G72/(SUM(C72:J72))=0,"",G72/(SUM(C72:J72))),"") | H99: =IFERROR(IF(H72/(SUM(C72:J72))=0,"",H72/(SUM(C72:J72))),"") | I99: =IFERROR(IF(I72/(SUM(C72:J72))=0,"",I72/(SUM(C72:J72))),"") | J99: =IFERROR(IF(J72/(SUM(C72:J72))=0,"",J72/(SUM(C72:J72))),"") | L99: Sacrifício II | M99: =IFERROR(IF(M72/(SUM(M72:T72))=0,"",M72/(SUM(M72:T72))),"") | N99: =IFERROR(IF(N72/(SUM(M72:T72))=0,"",N72/(SUM(M72:T72))),"") | O99: =IFERROR(IF(O72/(SUM(M72:T72))=0,"",O72/(SUM(M72:T72))),"") | P99: =IFERROR(IF(P72/(SUM(M72:T72))=0,"",P72/(SUM(M72:T72))),"") | Q99: =IFERROR(IF(Q72/(SUM(M72:T72))=0,"",Q72/(SUM(M72:T72))),"") | R99: =IFERROR(IF(R72/(SUM(M72:T72))=0,"",R72/(SUM(M72:T72))),"") | S99: =IFERROR(IF(S72/(SUM(M72:T72))=0,"",S72/(SUM(M72:T72))),"") | T99: =IFERROR(IF(T72/(SUM(M72:T72))=0,"",T72/(SUM(M72:T72))),"") | V99: Sacrifício II | W99: =IFERROR(IF(W72/(SUM(W72:AD72))=0,"",W72/(SUM(W72:AD72))),"") | X99: =IFERROR(IF(X72/(SUM(W72:AD72))=0,"",X72/(SUM(W72:AD72))),"") | Y99: =IFERROR(IF(Y72/(SUM(W72:AD72))=0,"",Y72/(SUM(W72:AD72))),"") | Z99: =IFERROR(IF(Z72/(SUM(W72:AD72))=0,"",Z72/(SUM(W72:AD72))),"") | AA99: =IFERROR(IF(AA72/(SUM(W72:AD72))=0,"",AA72/(SUM(W72:AD72))),"") | AB99: =IFERROR(IF(AB72/(SUM(W72:AD72))=0,"",AB72/(SUM(W72:AD72))),"") | AC99: =IFERROR(IF(AC72/(SUM(W72:AD72))=0,"",AC72/(SUM(W72:AD72))),"") | AD99: =IFERROR(IF(AD72/(SUM(W72:AD72))=0,"",AD72/(SUM(W72:AD72))),"")
... B112: Azrael V | C112: =IFERROR(IF(C85/(SUM(C85:J85))=0,"",C85/(SUM(C85:J85))),"") | D112: =IFERROR(IF(D85/(SUM(C85:J85))=0,"",D85/(SUM(C85:J85))),"") | E112: =IFERROR(IF(E85/(SUM(C85:J85))=0,"",E85/(SUM(C85:J85))),"") | F112: =IFERROR(IF(F85/(SUM(C85:J85))=0,"",F85/(SUM(C85:J85))),"") | G112: =IFERROR(IF(G85/(SUM(C85:J85))=0,"",G85/(SUM(C85:J85))),"") | H112: =IFERROR(IF(H85/(SUM(C85:J85))=0,"",H85/(SUM(C85:J85))),"") | I112: =IFERROR(IF(I85/(SUM(C85:J85))=0,"",I85/(SUM(C85:J85))),"") | J112: =IFERROR(IF(J85/(SUM(C85:J85))=0,"",J85/(SUM(C85:J85))),"") | L112: Azrael V | M112: =IFERROR(IF(M85/(SUM(M85:T85))=0,"",M85/(SUM(M85:T85))),"") | N112: =IFERROR(IF(N85/(SUM(M85:T85))=0,"",N85/(SUM(M85:T85))),"") | O112: =IFERROR(IF(O85/(SUM(M85:T85))=0,"",O85/(SUM(M85:T85))),"") | P112: =IFERROR(IF(P85/(SUM(M85:T85))=0,"",P85/(SUM(M85:T85))),"") | Q112: =IFERROR(IF(Q85/(SUM(M85:T85))=0,"",Q85/(SUM(M85:T85))),"") | R112: =IFERROR(IF(R85/(SUM(M85:T85))=0,"",R85/(SUM(M85:T85))),"") | S112: =IFERROR(IF(S85/(SUM(M85:T85))=0,"",S85/(SUM(M85:T85))),"") | T112: =IFERROR(IF(T85/(SUM(M85:T85))=0,"",T85/(SUM(M85:T85))),"") | V112: Azrael V | W112: =IFERROR(IF(W85/(SUM(W85:AD85))=0,"",W85/(SUM(W85:AD85))),"") | X112: =IFERROR(IF(X85/(SUM(W85:AD85))=0,"",X85/(SUM(W85:AD85))),"") | Y112: =IFERROR(IF(Y85/(SUM(W85:AD85))=0,"",Y85/(SUM(W85:AD85))),"") | Z112: =IFERROR(IF(Z85/(SUM(W85:AD85))=0,"",Z85/(SUM(W85:AD85))),"") | AA112: =IFERROR(IF(AA85/(SUM(W85:AD85))=0,"",AA85/(SUM(W85:AD85))),"") | AB112: =IFERROR(IF(AB85/(SUM(W85:AD85))=0,"",AB85/(SUM(W85:AD85))),"") | AC112: =IFERROR(IF(AC85/(SUM(W85:AD85))=0,"",AC85/(SUM(W85:AD85))),"") | AD112: =IFERROR(IF(AD85/(SUM(W85:AD85))=0,"",AD85/(SUM(W85:AD85))),"")
B115: COLAR | C115: CHEFE | D115: ETERNID | E115: MARTE | F115: FINALID | G115: ORIGEM | H115: PILAR | I115: TROVÃO | J115: HO-OH | L115: CAMISA | M115: CHEFE | N115: ETERNID | O115: MARTE | P115: FINALID | Q115: ORIGEM | R115: PILAR | S115: TROVÃO | T115: HO-OH | V115: BOTA | W115: CHEFE | X115: ETERNID | Y115: MARTE | Z115: FINALID | AA115: ORIGEM | AB115: PILAR | AC115: TROVÃO | AD115: HO-OH
B116: Titânio I | C116: =COUNTIFS(COLAR!$B:$B,'TABELA POR HORA'!C115,COLAR!$C:$C,C141) -> 0 | D116: =COUNTIFS(COLAR!$B:$B,'TABELA POR HORA'!D115,COLAR!$C:$C,C141) -> 0 | E116: =COUNTIFS(COLAR!$B:$B,'TABELA POR HORA'!E115,COLAR!$C:$C,C141) -> 0 | F116: =COUNTIFS(COLAR!$B:$B,'TABELA POR HORA'!F115,COLAR!$C:$C,C141) -> 0 | G116: =COUNTIFS(COLAR!$B:$B,'TABELA POR HORA'!G115,COLAR!$C:$C,C141) -> 0 | H116: =COUNTIFS(COLAR!$B:$B,'TABELA POR HORA'!H115,COLAR!$C:$C,C141) -> 0 | I116: =COUNTIFS(COLAR!$B:$B,'TABELA POR HORA'!I115,COLAR!$C:$C,C141) -> 0 | J116: =COUNTIFS(COLAR!$B:$B,'TABELA POR HORA'!J115,COLAR!$C:$C,C141) -> 0 | L116: Titânio I | M116: =COUNTIFS(CAMISA!$B:$B,'TABELA POR HORA'!M115,CAMISA!$C:$C,C141) -> 0 | N116: =COUNTIFS(CAMISA!$B:$B,'TABELA POR HORA'!N115,CAMISA!$C:$C,C141) -> 0 | O116: =COUNTIFS(CAMISA!$B:$B,'TABELA POR HORA'!O115,CAMISA!$C:$C,C141) -> 0 | P116: =COUNTIFS(CAMISA!$B:$B,'TABELA POR HORA'!P115,CAMISA!$C:$C,C141) -> 0 | Q116: =COUNTIFS(CAMISA!$B:$B,'TABELA POR HORA'!Q115,CAMISA!$C:$C,C141) -> 0 | R116: =COUNTIFS(CAMISA!$B:$B,'TABELA POR HORA'!R115,CAMISA!$C:$C,C141) -> 0 | S116: =COUNTIFS(CAMISA!$B:$B,'TABELA POR HORA'!S115,CAMISA!$C:$C,C141) -> 0 | T116: =COUNTIFS(CAMISA!$B:$B,'TABELA POR HORA'!T115,CAMISA!$C:$C,C141) -> 0 | V116: Titânio I | W116: =COUNTIFS(BOTA!$B:$B,'TABELA POR HORA'!W115,BOTA!$C:$C,C141) -> 0 | X116: =COUNTIFS(BOTA!$B:$B,'TABELA POR HORA'!X115,BOTA!$C:$C,C141) -> 0 | Y116: =COUNTIFS(BOTA!$B:$B,'TABELA POR HORA'!Y115,BOTA!$C:$C,C141) -> 0 | Z116: =COUNTIFS(BOTA!$B:$B,'TABELA POR HORA'!Z115,BOTA!$C:$C,C141) -> 0 | AA116: =COUNTIFS(BOTA!$B:$B,'TABELA POR HORA'!AA115,BOTA!$C:$C,C141) -> 0 | AB116: =COUNTIFS(BOTA!$B:$B,'TABELA POR HORA'!AB115,BOTA!$C:$C,C141) -> 0 | AC116: =COUNTIFS(BOTA!$B:$B,'TABELA POR HORA'!AC115,BOTA!$C:$C,C141) -> 0 | AD116: =COUNTIFS(BOTA!$B:$B,'TABELA POR HORA'!AD115,BOTA!$C:$C,C141) -> 0
B117: Titânio II | C117: =COUNTIFS(COLAR!$D:$D,'TABELA POR HORA'!C115,COLAR!$E:$E,C141) -> 0 | D117: =COUNTIFS(COLAR!$D:$D,'TABELA POR HORA'!D115,COLAR!$E:$E,C141) -> 0 | E117: =COUNTIFS(COLAR!$D:$D,'TABELA POR HORA'!E115,COLAR!$E:$E,C141) -> 0 | F117: =COUNTIFS(COLAR!$D:$D,'TABELA POR HORA'!F115,COLAR!$E:$E,C141) -> 0 | G117: =COUNTIFS(COLAR!$D:$D,'TABELA POR HORA'!G115,COLAR!$E:$E,C141) -> 0 | H117: =COUNTIFS(COLAR!$D:$D,'TABELA POR HORA'!H115,COLAR!$E:$E,C141) -> 0 | I117: =COUNTIFS(COLAR!$D:$D,'TABELA POR HORA'!I115,COLAR!$E:$E,C141) -> 0 | J117: =COUNTIFS(COLAR!$D:$D,'TABELA POR HORA'!J115,COLAR!$E:$E,C141) -> 0 | L117: Titânio II | M117: =COUNTIFS(CAMISA!$D:$D,'TABELA POR HORA'!M115,CAMISA!$E:$E,C141) -> 0 | N117: =COUNTIFS(CAMISA!$D:$D,'TABELA POR HORA'!N115,CAMISA!$E:$E,C141) -> 0 | O117: =COUNTIFS(CAMISA!$D:$D,'TABELA POR HORA'!O115,CAMISA!$E:$E,C141) -> 0 | P117: =COUNTIFS(CAMISA!$D:$D,'TABELA POR HORA'!P115,CAMISA!$E:$E,C141) -> 0 | Q117: =COUNTIFS(CAMISA!$D:$D,'TABELA POR HORA'!Q115,CAMISA!$E:$E,C141) -> 0 | R117: =COUNTIFS(CAMISA!$D:$D,'TABELA POR HORA'!R115,CAMISA!$E:$E,C141) -> 1 | S117: =COUNTIFS(CAMISA!$D:$D,'TABELA POR HORA'!S115,CAMISA!$E:$E,C141) -> 0 | T117: =COUNTIFS(CAMISA!$D:$D,'TABELA POR HORA'!T115,CAMISA!$E:$E,C141) -> 0 | V117: Titânio II | W117: =COUNTIFS(BOTA!$D:$D,'TABELA POR HORA'!W115,BOTA!$E:$E,C141) -> 0 | X117: =COUNTIFS(BOTA!$D:$D,'TABELA POR HORA'!X115,BOTA!$E:$E,C141) -> 0 | Y117: =COUNTIFS(BOTA!$D:$D,'TABELA POR HORA'!Y115,BOTA!$E:$E,C141) -> 0 | Z117: =COUNTIFS(BOTA!$D:$D,'TABELA POR HORA'!Z115,BOTA!$E:$E,C141) -> 0 | AA117: =COUNTIFS(BOTA!$D:$D,'TABELA POR HORA'!AA115,BOTA!$E:$E,C141) -> 0 | AB117: =COUNTIFS(BOTA!$D:$D,'TABELA POR HORA'!AB115,BOTA!$E:$E,C141) -> 0 | AC117: =COUNTIFS(BOTA!$D:$D,'TABELA POR HORA'!AC115,BOTA!$E:$E,C141) -> 0 | AD117: =COUNTIFS(BOTA!$D:$D,'TABELA POR HORA'!AD115,BOTA!$E:$E,C141) -> 0
B118: Titânio III | C118: =COUNTIFS(COLAR!$F:$F,'TABELA POR HORA'!C115,COLAR!$G:$G,C141) -> 0 | D118: =COUNTIFS(COLAR!$F:$F,'TABELA POR HORA'!D115,COLAR!$G:$G,C141) -> 0 | E118: =COUNTIFS(COLAR!$F:$F,'TABELA POR HORA'!E115,COLAR!$G:$G,C141) -> 0 | F118: =COUNTIFS(COLAR!$F:$F,'TABELA POR HORA'!F115,COLAR!$G:$G,C141) -> 0 | G118: =COUNTIFS(COLAR!$F:$F,'TABELA POR HORA'!G115,COLAR!$G:$G,C141) -> 0 | H118: =COUNTIFS(COLAR!$F:$F,'TABELA POR HORA'!H115,COLAR!$G:$G,C141) -> 0 | I118: =COUNTIFS(COLAR!$F:$F,'TABELA POR HORA'!I115,COLAR!$G:$G,C141) -> 0 | J118: =COUNTIFS(COLAR!$F:$F,'TABELA POR HORA'!J115,COLAR!$G:$G,C141) -> 0 | L118: Titânio III | M118: =COUNTIFS(CAMISA!$F:$F,'TABELA POR HORA'!M115,CAMISA!$G:$G,C141) -> 0 | N118: =COUNTIFS(CAMISA!$F:$F,'TABELA POR HORA'!N115,CAMISA!$G:$G,C141) -> 0 | O118: =COUNTIFS(CAMISA!$F:$F,'TABELA POR HORA'!O115,CAMISA!$G:$G,C141) -> 0 | P118: =COUNTIFS(CAMISA!$F:$F,'TABELA POR HORA'!P115,CAMISA!$G:$G,C141) -> 0 | Q118: =COUNTIFS(CAMISA!$F:$F,'TABELA POR HORA'!Q115,CAMISA!$G:$G,C141) -> 0 | R118: =COUNTIFS(CAMISA!$F:$F,'TABELA POR HORA'!R115,CAMISA!$G:$G,C141) -> 0 | S118: =COUNTIFS(CAMISA!$F:$F,'TABELA POR HORA'!S115,CAMISA!$G:$G,C141) -> 0 | T118: =COUNTIFS(CAMISA!$F:$F,'TABELA POR HORA'!T115,CAMISA!$G:$G,C141) -> 0 | V118: Titânio III | W118: =COUNTIFS(BOTA!$F:$F,'TABELA POR HORA'!W115,BOTA!$G:$G,C141) -> 0 | X118: =COUNTIFS(BOTA!$F:$F,'TABELA POR HORA'!X115,BOTA!$G:$G,C141) -> 0 | Y118: =COUNTIFS(BOTA!$F:$F,'TABELA POR HORA'!Y115,BOTA!$G:$G,C141) -> 0 | Z118: =COUNTIFS(BOTA!$F:$F,'TABELA POR HORA'!Z115,BOTA!$G:$G,C141) -> 0 | AA118: =COUNTIFS(BOTA!$F:$F,'TABELA POR HORA'!AA115,BOTA!$G:$G,C141) -> 0 | AB118: =COUNTIFS(BOTA!$F:$F,'TABELA POR HORA'!AB115,BOTA!$G:$G,C141) -> 0 | AC118: =COUNTIFS(BOTA!$F:$F,'TABELA POR HORA'!AC115,BOTA!$G:$G,C141) -> 0 | AD118: =COUNTIFS(BOTA!$F:$F,'TABELA POR HORA'!AD115,BOTA!$G:$G,C141) -> 0
